Measurement time:; 02/09/2022 18:46:49
Radiation device:; Clinac3 Accelerator
Energy:; 6 MeV 
Controller:; CCU
Measurement device:; Blue Phantom 2  (48*48*41)
Field detector:; CC 13 -  F
Reference detector:; CC 13 - R pas offset energie
SAD:; 1000 mm
SSD:; 1000 mm
Field size:; 100 x 100 mm
Gantry angle:; 0
Measurement medium:; Water
Scan type:; Inline
Scan mode:; Continuous
Wedge:; none

Points [mm]:
Inline; Crossline; Depth; Normalized field; Current field; Ratio
-150,0; 0,0; 13,0; 0,11; 207,2; 0,11
-148,5; 0,0; 13,0; 0,07; 137,3; 0,07
-147,4; 0,0; 13,0; 0,09; 168,5; 0,08
-146,2; 0,0; 13,0; 0,08; 163,5; 0,09
-145,0; 0,0; 13,0; 0,04; 71,5; 0,04
-143,7; 0,0; 13,0; 0,08; 156,2; 0,08
-142,6; 0,0; 13,0; 0,03; 51,5; 0,03
-141,3; 0,0; 13,0; 0,03; 56,0; 0,03
-140,1; 0,0; 13,0; 0,07; 134,4; 0,07
-138,9; 0,0; 13,0; 0,07; 141,7; 0,07
-137,7; 0,0; 13,0; 0,08; 147,6; 0,08
-136,5; 0,0; 13,0; 0,08; 153,9; 0,08
-135,3; 0,0; 13,0; 0,04; 69,7; 0,03
-134,1; 0,0; 13,0; 0,04; 68,6; 0,04
-132,9; 0,0; 13,0; 0,03; 52,0; 0,03
-131,7; 0,0; 13,0; 0,02; 36,5; 0,02
-130,5; 0,0; 13,0; 0,00; 7,0; 0,00
-129,3; 0,0; 13,0; 0,04; 77,5; 0,04
-128,1; 0,0; 13,0; 0,01; 22,2; 0,01
-126,9; 0,0; 13,0; 0,01; 13,9; 0,01
-125,7; 0,0; 13,0; 0,02; 36,8; 0,02
-124,5; 0,0; 13,0; 0,04; 73,5; 0,04
-123,3; 0,0; 13,0; 0,00; 7,3; 0,00
-122,1; 0,0; 13,0; 0,02; 48,6; 0,03
-120,9; 0,0; 13,0; 0,05; 104,6; 0,05
-119,7; 0,0; 13,0; 0,01; 25,4; 0,01
-118,5; 0,0; 13,0; 0,02; 35,8; 0,02
-117,3; 0,0; 13,0; 0,02; 37,5; 0,02
-116,1; 0,0; 13,0; 0,05; 88,1; 0,05
-114,9; 0,0; 13,0; 0,03; 65,5; 0,03
-113,7; 0,0; 13,0; 0,04; 78,6; 0,04
-112,5; 0,0; 13,0; 0,05; 92,7; 0,05
-111,3; 0,0; 13,0; 0,08; 146,9; 0,08
-110,1; 0,0; 13,0; 0,05; 101,0; 0,05
-108,9; 0,0; 13,0; 0,00; 6,9; 0,00
-107,7; 0,0; 13,0; 0,01; 23,0; 0,01
-106,5; 0,0; 13,0; 0,04; 83,6; 0,04
-105,3; 0,0; 13,0; 0,04; 74,0; 0,04
-104,1; 0,0; 13,0; 0,05; 95,8; 0,05
-102,9; 0,0; 13,0; 0,06; 115,6; 0,06
-101,7; 0,0; 13,0; 0,07; 142,7; 0,08
-100,5; 0,0; 13,0; 0,05; 91,5; 0,04
-99,3; 0,0; 13,0; 0,04; 83,4; 0,04
-98,1; 0,0; 13,0; 0,06; 115,6; 0,06
-96,8; 0,0; 13,0; 0,00; 7,4; 0,00
-95,6; 0,0; 13,0; 0,04; 75,7; 0,04
-94,4; 0,0; 13,0; 0,03; 49,5; 0,03
-93,2; 0,0; 13,0; 0,00; 6,2; 0,00
-92,0; 0,0; 13,0; 0,06; 120,4; 0,06
-90,8; 0,0; 13,0; 0,01; 13,6; 0,01
-89,6; 0,0; 13,0; 0,01; 27,3; 0,01
-88,4; 0,0; 13,0; 0,01; 10,6; 0,01
-87,2; 0,0; 13,0; 0,04; 79,0; 0,04
-86,0; 0,0; 13,0; 0,01; 15,9; 0,01
-84,8; 0,0; 13,0; 0,03; 49,1; 0,03
-83,6; 0,0; 13,0; 0,05; 91,2; 0,05
-82,4; 0,0; 13,0; 0,10; 200,1; 0,10
-81,2; 0,0; 13,0; 0,10; 202,7; 0,10
-80,0; 0,0; 13,0; 0,15; 297,1; 0,15
-78,8; 0,0; 13,0; 0,18; 348,3; 0,17
-77,6; 0,0; 13,0; 0,24; 476,8; 0,24
-76,4; 0,0; 13,0; 0,29; 562,0; 0,29
-75,2; 0,0; 13,0; 0,44; 859,4; 0,43
-74,0; 0,0; 13,0; 0,50; 985,7; 0,51
-72,8; 0,0; 13,0; 0,65; 1271,4; 0,66
-71,6; 0,0; 13,0; 0,99; 1929,7; 0,97
-70,4; 0,0; 13,0; 1,26; 2466,0; 1,28
-69,2; 0,0; 13,0; 1,72; 3372,5; 1,75
-68,0; 0,0; 13,0; 2,46; 4815,1; 2,41
-66,8; 0,0; 13,0; 3,15; 6167,0; 3,22
-65,6; 0,0; 13,0; 4,26; 8332,1; 4,32
-64,4; 0,0; 13,0; 5,91; 11549,5; 5,75
-63,2; 0,0; 13,0; 7,38; 14438,0; 7,49
-62,0; 0,0; 13,0; 9,46; 18495,6; 9,64
-60,8; 0,0; 13,0; 12,82; 25063,8; 12,48
-59,6; 0,0; 13,0; 15,52; 30357,0; 15,72
-58,4; 0,0; 13,0; 19,55; 38223,4; 19,90
-57,2; 0,0; 13,0; 25,24; 49367,7; 24,63
-56,0; 0,0; 13,0; 30,01; 58679,1; 30,36
-54,8; 0,0; 13,0; 35,86; 70117,4; 36,58
-53,6; 0,0; 13,0; 44,20; 86432,0; 43,19
-52,3; 0,0; 13,0; 49,59; 96977,6; 50,37
-51,1; 0,0; 13,0; 55,95; 109405,5; 57,34
-49,9; 0,0; 13,0; 65,77; 128617,0; 64,16
-48,7; 0,0; 13,0; 69,19; 135301,6; 70,35
-47,5; 0,0; 13,0; 74,34; 145371,3; 75,35
-46,3; 0,0; 13,0; 82,15; 160646,2; 80,34
-45,1; 0,0; 13,0; 83,15; 162604,6; 83,92
-43,9; 0,0; 13,0; 85,30; 166815,9; 86,78
-42,7; 0,0; 13,0; 90,65; 177274,7; 89,29
-41,5; 0,0; 13,0; 89,28; 174589,5; 91,36
-40,3; 0,0; 13,0; 93,20; 182264,0; 92,70
-39,1; 0,0; 13,0; 94,98; 185743,6; 94,10
-37,9; 0,0; 13,0; 93,42; 182690,1; 95,06
-36,7; 0,0; 13,0; 96,34; 188394,1; 95,94
-35,5; 0,0; 13,0; 96,49; 188693,5; 96,52
-34,3; 0,0; 13,0; 97,92; 191482,2; 97,16
-33,1; 0,0; 13,0; 95,48; 186714,9; 97,65
-31,9; 0,0; 13,0; 98,15; 191942,2; 97,85
-30,7; 0,0; 13,0; 99,09; 193783,4; 98,09
-29,5; 0,0; 13,0; 97,42; 190509,6; 98,52
-28,3; 0,0; 13,0; 98,10; 191833,3; 98,75
-27,1; 0,0; 13,0; 97,18; 190039,4; 98,55
-25,9; 0,0; 13,0; 99,93; 195414,0; 98,98
-24,7; 0,0; 13,0; 99,90; 195354,1; 98,96
-23,5; 0,0; 13,0; 97,18; 190045,4; 98,96
-22,3; 0,0; 13,0; 100,39; 196308,0; 99,11
-21,1; 0,0; 13,0; 99,40; 194375,2; 99,19
-19,9; 0,0; 13,0; 100,14; 195830,8; 99,31
-18,7; 0,0; 13,0; 98,06; 191768,1; 99,50
-17,5; 0,0; 13,0; 98,76; 193126,8; 99,49
-16,3; 0,0; 13,0; 101,19; 197884,9; 99,55
-15,1; 0,0; 13,0; 97,65; 190966,9; 99,44
-13,9; 0,0; 13,0; 98,94; 193489,8; 99,59
-12,7; 0,0; 13,0; 100,98; 197476,8; 99,64
-11,5; 0,0; 13,0; 98,21; 192050,4; 99,51
-10,3; 0,0; 13,0; 99,09; 193778,8; 99,63
-9,1; 0,0; 13,0; 98,04; 191726,4; 99,74
-7,9; 0,0; 13,0; 101,72; 198919,5; 99,71
-6,7; 0,0; 13,0; 98,98; 193560,5; 99,53
-5,5; 0,0; 13,0; 102,02; 199514,3; 99,93
-4,3; 0,0; 13,0; 97,89; 191421,7; 99,92
-3,1; 0,0; 13,0; 98,37; 192376,4; 99,74
-1,9; 0,0; 13,0; 102,76; 200951,2; 99,80
-0,6; 0,0; 13,0; 97,70; 191053,8; 99,86
0,6; 0,0; 13,0; 98,67; 192950,7; 99,92
1,8; 0,0; 13,0; 102,54; 200513,7; 99,73
2,9; 0,0; 13,0; 97,99; 191620,3; 99,94
4,2; 0,0; 13,0; 98,06; 191762,5; 99,93
5,3; 0,0; 13,0; 102,92; 201262,1; 99,88
6,5; 0,0; 13,0; 97,96; 191574,8; 99,94
7,8; 0,0; 13,0; 98,69; 192983,7; 100,00
9,0; 0,0; 13,0; 98,12; 191883,1; 99,80
10,2; 0,0; 13,0; 102,64; 200713,0; 99,74
11,4; 0,0; 13,0; 98,53; 192674,3; 99,56
12,5; 0,0; 13,0; 98,53; 192685,6; 99,94
13,8; 0,0; 13,0; 101,64; 198753,9; 99,55
15,0; 0,0; 13,0; 97,90; 191457,1; 99,55
16,2; 0,0; 13,0; 97,60; 190862,4; 99,73
17,4; 0,0; 13,0; 102,33; 200104,5; 99,52
18,6; 0,0; 13,0; 98,35; 192319,7; 99,35
19,8; 0,0; 13,0; 101,89; 199252,2; 99,58
21,0; 0,0; 13,0; 97,49; 190652,0; 99,52
22,2; 0,0; 13,0; 99,21; 194009,9; 99,47
23,4; 0,0; 13,0; 97,39; 190456,5; 99,67
24,6; 0,0; 13,0; 101,32; 198127,3; 99,53
25,8; 0,0; 13,0; 98,58; 192777,9; 99,28
27,0; 0,0; 13,0; 98,17; 191979,4; 99,02
28,2; 0,0; 13,0; 101,08; 197676,0; 99,00
29,4; 0,0; 13,0; 98,18; 191995,4; 98,70
30,6; 0,0; 13,0; 97,30; 190281,8; 98,50
31,8; 0,0; 13,0; 100,14; 195826,0; 98,07
33,0; 0,0; 13,0; 96,57; 188845,9; 97,55
34,2; 0,0; 13,0; 98,96; 193529,4; 96,84
35,4; 0,0; 13,0; 94,52; 184836,2; 96,17
36,6; 0,0; 13,0; 93,90; 183624,8; 95,24
37,8; 0,0; 13,0; 95,15; 186072,5; 93,90
39,0; 0,0; 13,0; 90,32; 176634,7; 92,07
40,2; 0,0; 13,0; 89,18; 174389,2; 89,89
41,4; 0,0; 13,0; 88,79; 173632,7; 87,54
42,6; 0,0; 13,0; 81,97; 160305,7; 83,98
43,8; 0,0; 13,0; 79,92; 156288,2; 80,15
45,0; 0,0; 13,0; 76,97; 150515,7; 75,68
46,2; 0,0; 13,0; 67,98; 132942,3; 70,00
47,4; 0,0; 13,0; 64,01; 125167,8; 63,52
48,6; 0,0; 13,0; 57,37; 112191,8; 56,96
49,8; 0,0; 13,0; 49,12; 96064,9; 49,74
51,0; 0,0; 13,0; 42,75; 83604,9; 42,61
52,2; 0,0; 13,0; 35,32; 69069,2; 35,96
53,4; 0,0; 13,0; 29,77; 58217,8; 29,56
54,6; 0,0; 13,0; 24,17; 47262,4; 23,94
55,9; 0,0; 13,0; 18,66; 36490,8; 19,07
57,0; 0,0; 13,0; 15,16; 29648,7; 15,16
58,3; 0,0; 13,0; 12,01; 23483,1; 11,83
59,5; 0,0; 13,0; 9,19; 17966,7; 9,22
60,6; 0,0; 13,0; 6,98; 13641,7; 7,14
61,9; 0,0; 13,0; 5,61; 10963,4; 5,52
63,1; 0,0; 13,0; 4,18; 8174,1; 4,23
64,3; 0,0; 13,0; 3,09; 6050,3; 3,15
65,5; 0,0; 13,0; 2,43; 4757,0; 2,38
66,7; 0,0; 13,0; 1,70; 3323,8; 1,73
67,9; 0,0; 13,0; 1,22; 2393,9; 1,26
69,1; 0,0; 13,0; 0,96; 1885,6; 0,94
70,3; 0,0; 13,0; 0,64; 1250,2; 0,65
71,5; 0,0; 13,0; 0,41; 806,6; 0,42
72,7; 0,0; 13,0; 0,33; 638,7; 0,32
73,9; 0,0; 13,0; 0,21; 404,6; 0,21
75,1; 0,0; 13,0; 0,10; 192,8; 0,10
76,3; 0,0; 13,0; 0,05; 103,1; 0,05
77,5; 0,0; 13,0; 0,01; 9,9; 0,01
78,7; 0,0; 13,0; 0,02; 35,5; 0,02
79,9; 0,0; 13,0; 0,02; 42,0; 0,02
81,1; 0,0; 13,0; 0,07; 146,4; 0,08
82,3; 0,0; 13,0; 0,05; 104,2; 0,05
83,5; 0,0; 13,0; 0,12; 241,8; 0,12
84,7; 0,0; 13,0; 0,13; 244,6; 0,13
85,9; 0,0; 13,0; 0,15; 293,0; 0,15
87,1; 0,0; 13,0; 0,13; 247,5; 0,12
88,3; 0,0; 13,0; 0,14; 282,3; 0,15
89,5; 0,0; 13,0; 0,22; 420,5; 0,22
90,7; 0,0; 13,0; 0,16; 315,5; 0,16
91,9; 0,0; 13,0; 0,18; 361,8; 0,19
93,1; 0,0; 13,0; 0,17; 331,0; 0,17
94,4; 0,0; 13,0; 0,17; 327,6; 0,16
95,5; 0,0; 13,0; 0,19; 379,4; 0,20
96,7; 0,0; 13,0; 0,23; 454,8; 0,24
97,9; 0,0; 13,0; 0,19; 371,0; 0,19
99,2; 0,0; 13,0; 0,17; 331,2; 0,17
100,4; 0,0; 13,0; 0,22; 431,2; 0,23
101,5; 0,0; 13,0; 0,19; 380,5; 0,19
102,8; 0,0; 13,0; 0,18; 358,5; 0,19
104,0; 0,0; 13,0; 0,14; 274,6; 0,14
105,2; 0,0; 13,0; 0,16; 321,4; 0,16
106,4; 0,0; 13,0; 0,19; 372,1; 0,19
107,5; 0,0; 13,0; 0,16; 309,9; 0,16
108,8; 0,0; 13,0; 0,19; 369,3; 0,19
110,0; 0,0; 13,0; 0,19; 378,4; 0,20
111,2; 0,0; 13,0; 0,18; 354,7; 0,18
112,4; 0,0; 13,0; 0,22; 430,1; 0,22
113,6; 0,0; 13,0; 0,16; 316,6; 0,16
114,8; 0,0; 13,0; 0,18; 356,1; 0,18
116,0; 0,0; 13,0; 0,22; 426,0; 0,22
117,2; 0,0; 13,0; 0,20; 385,9; 0,20
118,4; 0,0; 13,0; 0,20; 387,8; 0,20
119,6; 0,0; 13,0; 0,23; 455,1; 0,23
120,8; 0,0; 13,0; 0,18; 348,4; 0,18
122,0; 0,0; 13,0; 0,22; 424,2; 0,22
123,2; 0,0; 13,0; 0,24; 469,3; 0,24
124,4; 0,0; 13,0; 0,25; 487,9; 0,25
125,6; 0,0; 13,0; 0,29; 561,9; 0,28
126,8; 0,0; 13,0; 0,27; 526,0; 0,27
128,0; 0,0; 13,0; 0,28; 554,8; 0,29
129,2; 0,0; 13,0; 0,29; 566,1; 0,28
130,4; 0,0; 13,0; 0,33; 635,7; 0,33
131,6; 0,0; 13,0; 0,31; 610,8; 0,31
132,8; 0,0; 13,0; 0,31; 613,8; 0,32
134,0; 0,0; 13,0; 0,30; 590,7; 0,31
135,2; 0,0; 13,0; 0,30; 586,8; 0,30
136,4; 0,0; 13,0; 0,27; 532,5; 0,28
137,6; 0,0; 13,0; 0,30; 590,8; 0,30
138,8; 0,0; 13,0; 0,28; 544,3; 0,27
140,0; 0,0; 13,0; 0,30; 588,1; 0,31
141,2; 0,0; 13,0; 0,28; 547,8; 0,28
142,4; 0,0; 13,0; 0,31; 605,1; 0,32
143,6; 0,0; 13,0; 0,27; 522,4; 0,26
144,8; 0,0; 13,0; 0,30; 595,3; 0,31
146,0; 0,0; 13,0; 0,28; 552,4; 0,29
147,2; 0,0; 13,0; 0,24; 460,6; 0,23
148,4; 0,0; 13,0; 0,33; 650,9; 0,34
149,6; 0,0; 13,0; 0,31; 606,9; 0,31
150,7; 0,0; 13,0; 0,25; 498,4; 0,25


Measurement time:; 02/09/2022 18:48:53
Radiation device:; Clinac3 Accelerator
Energy:; 6 MeV 
Controller:; CCU
Measurement device:; Blue Phantom 2  (48*48*41)
Field detector:; CC 13 -  F
Reference detector:; CC 13 - R pas offset energie
SAD:; 1000 mm
SSD:; 1000 mm
Field size:; 100 x 100 mm
Gantry angle:; 0
Measurement medium:; Water
Scan type:; Crossline
Scan mode:; Continuous
Wedge:; none

Points [mm]:
Inline; Crossline; Depth; Normalized field; Current field; Ratio
0,0; -150,7; 13,0; 0,46; 902,0; 1,03
0,0; -150,0; 13,0; 0,28; 551,4; 0,28
0,0; -148,6; 13,0; 0,24; 477,5; 0,25
0,0; -147,4; 13,0; 0,29; 571,2; 0,30
0,0; -146,2; 13,0; 0,26; 512,0; 0,26
0,0; -145,0; 13,0; 0,26; 499,6; 0,26
0,0; -143,8; 13,0; 0,27; 532,1; 0,28
0,0; -142,6; 13,0; 0,30; 594,1; 0,30
0,0; -141,4; 13,0; 0,28; 546,0; 0,28
0,0; -140,2; 13,0; 0,28; 557,0; 0,29
0,0; -139,0; 13,0; 0,26; 510,5; 0,26
0,0; -137,8; 13,0; 0,24; 462,2; 0,24
0,0; -136,6; 13,0; 0,22; 432,9; 0,23
0,0; -135,4; 13,0; 0,25; 490,4; 0,25
0,0; -134,2; 13,0; 0,27; 532,6; 0,28
0,0; -133,0; 13,0; 0,23; 440,3; 0,23
0,0; -131,8; 13,0; 0,21; 419,5; 0,21
0,0; -130,6; 13,0; 0,19; 380,3; 0,20
0,0; -129,4; 13,0; 0,21; 408,7; 0,21
0,0; -128,2; 13,0; 0,18; 348,6; 0,17
0,0; -127,0; 13,0; 0,25; 487,5; 0,25
0,0; -125,8; 13,0; 0,21; 403,0; 0,21
0,0; -124,6; 13,0; 0,25; 492,2; 0,25
0,0; -123,4; 13,0; 0,24; 467,3; 0,24
0,0; -122,2; 13,0; 0,24; 476,6; 0,25
0,0; -121,0; 13,0; 0,19; 364,4; 0,18
0,0; -119,8; 13,0; 0,22; 424,0; 0,21
0,0; -118,6; 13,0; 0,21; 413,3; 0,21
0,0; -117,4; 13,0; 0,24; 471,9; 0,24
0,0; -116,2; 13,0; 0,24; 472,5; 0,24
0,0; -114,9; 13,0; 0,28; 544,2; 0,28
0,0; -113,8; 13,0; 0,23; 456,2; 0,23
0,0; -112,6; 13,0; 0,21; 409,9; 0,21
0,0; -111,3; 13,0; 0,20; 384,8; 0,20
0,0; -110,1; 13,0; 0,23; 448,1; 0,22
0,0; -109,0; 13,0; 0,21; 409,8; 0,21
0,0; -107,8; 13,0; 0,24; 464,1; 0,24
0,0; -106,5; 13,0; 0,21; 400,9; 0,20
0,0; -105,3; 13,0; 0,19; 380,4; 0,20
0,0; -104,1; 13,0; 0,22; 437,2; 0,23
0,0; -102,9; 13,0; 0,23; 451,9; 0,23
0,0; -101,7; 13,0; 0,20; 399,4; 0,20
0,0; -100,5; 13,0; 0,20; 395,7; 0,20
0,0; -99,3; 13,0; 0,21; 411,2; 0,21
0,0; -98,1; 13,0; 0,18; 346,8; 0,18
0,0; -96,9; 13,0; 0,20; 393,4; 0,20
0,0; -95,7; 13,0; 0,16; 321,6; 0,16
0,0; -94,5; 13,0; 0,19; 363,1; 0,19
0,0; -93,3; 13,0; 0,19; 363,8; 0,19
0,0; -92,1; 13,0; 0,17; 333,8; 0,17
0,0; -90,9; 13,0; 0,18; 350,1; 0,18
0,0; -89,7; 13,0; 0,16; 313,9; 0,16
0,0; -88,5; 13,0; 0,18; 347,8; 0,18
0,0; -87,3; 13,0; 0,13; 249,4; 0,13
0,0; -86,1; 13,0; 0,11; 209,9; 0,11
0,0; -84,9; 13,0; 0,13; 244,5; 0,12
0,0; -83,7; 13,0; 0,08; 159,4; 0,08
0,0; -82,5; 13,0; 0,07; 128,2; 0,06
0,0; -81,3; 13,0; 0,05; 88,2; 0,05
0,0; -80,1; 13,0; 0,00; 8,6; 0,00
0,0; -78,9; 13,0; 0,01; 17,0; 0,01
0,0; -77,7; 13,0; 0,09; 178,4; 0,09
0,0; -76,5; 13,0; 0,11; 209,7; 0,11
0,0; -75,3; 13,0; 0,24; 466,6; 0,24
0,0; -74,1; 13,0; 0,33; 645,3; 0,33
0,0; -72,9; 13,0; 0,49; 950,2; 0,48
0,0; -71,7; 13,0; 0,70; 1360,4; 0,70
0,0; -70,5; 13,0; 1,00; 1955,8; 1,01
0,0; -69,3; 13,0; 1,46; 2862,5; 1,44
0,0; -68,1; 13,0; 1,92; 3756,7; 1,94
0,0; -66,9; 13,0; 2,64; 5162,5; 2,66
0,0; -65,7; 13,0; 3,52; 6879,6; 3,57
0,0; -64,5; 13,0; 4,78; 9349,7; 4,67
0,0; -63,3; 13,0; 6,07; 11867,0; 6,10
0,0; -62,1; 13,0; 7,66; 14986,2; 7,78
0,0; -60,9; 13,0; 10,43; 20395,9; 10,13
0,0; -59,7; 13,0; 12,93; 25289,6; 13,08
0,0; -58,5; 13,0; 16,23; 31732,8; 16,48
0,0; -57,3; 13,0; 21,35; 41747,3; 20,87
0,0; -56,1; 13,0; 25,78; 50413,8; 25,85
0,0; -54,9; 13,0; 32,75; 64043,5; 32,10
0,0; -53,7; 13,0; 38,35; 74994,6; 38,82
0,0; -52,5; 13,0; 45,46; 88903,4; 45,89
0,0; -51,2; 13,0; 51,99; 101677,4; 53,20
0,0; -50,0; 13,0; 62,62; 122452,3; 60,63
0,0; -48,8; 13,0; 66,52; 130084,4; 67,27
0,0; -47,6; 13,0; 71,99; 140776,6; 73,07
0,0; -46,4; 13,0; 81,08; 158565,4; 78,57
0,0; -45,2; 13,0; 81,87; 160104,9; 82,69
0,0; -44,0; 13,0; 84,87; 165973,6; 86,10
0,0; -42,8; 13,0; 91,72; 179366,5; 89,20
0,0; -41,6; 13,0; 90,12; 176238,9; 91,12
0,0; -40,4; 13,0; 95,73; 187209,8; 93,11
0,0; -39,2; 13,0; 92,59; 181061,0; 94,43
0,0; -38,0; 13,0; 94,32; 184439,0; 95,34
0,0; -36,8; 13,0; 95,15; 186075,8; 96,49
0,0; -35,6; 13,0; 99,36; 194300,5; 97,29
0,0; -34,4; 13,0; 97,15; 189981,2; 97,70
0,0; -33,2; 13,0; 97,03; 189745,0; 98,15
0,0; -32,0; 13,0; 101,59; 198658,0; 98,70
0,0; -30,8; 13,0; 98,03; 191696,9; 98,93
0,0; -29,6; 13,0; 97,50; 190657,2; 98,94
0,0; -28,4; 13,0; 102,53; 200505,6; 99,46
0,0; -27,2; 13,0; 98,41; 192438,9; 99,49
0,0; -26,0; 13,0; 100,97; 197456,5; 99,54
0,0; -24,8; 13,0; 98,38; 192380,2; 99,67
0,0; -23,6; 13,0; 98,82; 193243,2; 99,87
0,0; -22,4; 13,0; 102,54; 200521,5; 99,89
0,0; -21,2; 13,0; 97,92; 191490,0; 99,77
0,0; -20,0; 13,0; 98,87; 193337,6; 99,87
0,0; -18,8; 13,0; 102,27; 199998,4; 99,98
0,0; -17,6; 13,0; 97,78; 191207,4; 99,93
0,0; -16,4; 13,0; 99,57; 194718,8; 99,65
0,0; -15,2; 13,0; 98,64; 192893,5; 99,91
0,0; -13,9; 13,0; 102,77; 200973,9; 100,00
0,0; -12,8; 13,0; 98,47; 192568,3; 99,71
0,0; -11,6; 13,0; 98,15; 191929,6; 99,82
0,0; -10,4; 13,0; 102,01; 199494,6; 99,90
0,0; -9,2; 13,0; 100,02; 195597,1; 99,42
0,0; -8,0; 13,0; 99,85; 195256,2; 99,62
0,0; -6,8; 13,0; 99,14; 193875,8; 99,89
0,0; -5,6; 13,0; 100,34; 196228,1; 99,97
0,0; -4,4; 13,0; 100,90; 197308,7; 99,68
0,0; -3,1; 13,0; 97,87; 191388,5; 99,90
0,0; -1,9; 13,0; 101,56; 198606,3; 99,84
0,0; -0,7; 13,0; 99,10; 193802,5; 99,72
0,0; 0,5; 13,0; 99,81; 195192,4; 99,82
0,0; 1,7; 13,0; 101,84; 199154,2; 99,94
0,0; 2,9; 13,0; 97,75; 191152,6; 99,43
0,0; 4,1; 13,0; 99,24; 194076,0; 99,83
0,0; 5,3; 13,0; 101,88; 199238,6; 99,79
0,0; 6,5; 13,0; 97,89; 191432,7; 99,62
0,0; 7,7; 13,0; 99,59; 194750,5; 99,69
0,0; 8,9; 13,0; 102,52; 200474,0; 99,61
0,0; 10,1; 13,0; 98,32; 192271,3; 99,62
0,0; 11,3; 13,0; 98,30; 192225,3; 99,56
0,0; 12,5; 13,0; 102,95; 201315,1; 99,52
0,0; 13,7; 13,0; 96,68; 189056,4; 99,32
0,0; 14,9; 13,0; 99,30; 194183,5; 99,62
0,0; 16,1; 13,0; 102,08; 199631,9; 99,28
0,0; 17,3; 13,0; 98,49; 192607,6; 99,30
0,0; 18,5; 13,0; 97,38; 190436,2; 99,39
0,0; 19,7; 13,0; 101,92; 199316,5; 99,06
0,0; 20,9; 13,0; 97,48; 190617,0; 99,24
0,0; 22,1; 13,0; 97,79; 191232,6; 99,16
0,0; 23,3; 13,0; 101,37; 198230,4; 99,15
0,0; 24,5; 13,0; 98,06; 191754,0; 98,74
0,0; 25,7; 13,0; 97,59; 190846,0; 98,94
0,0; 26,9; 13,0; 101,91; 199296,2; 98,81
0,0; 28,1; 13,0; 96,61; 188919,0; 98,28
0,0; 29,3; 13,0; 97,37; 190402,9; 98,28
0,0; 30,5; 13,0; 100,93; 197379,1; 97,98
0,0; 31,7; 13,0; 96,28; 188274,1; 97,59
0,0; 32,9; 13,0; 95,79; 187316,4; 97,18
0,0; 34,1; 13,0; 99,73; 195026,6; 96,63
0,0; 35,3; 13,0; 93,51; 182863,2; 95,89
0,0; 36,5; 13,0; 94,62; 185028,6; 95,20
0,0; 37,7; 13,0; 96,77; 189233,7; 94,15
0,0; 38,9; 13,0; 90,23; 176450,8; 92,72
0,0; 40,1; 13,0; 90,85; 177660,7; 91,00
0,0; 41,3; 13,0; 91,15; 178251,9; 88,84
0,0; 42,5; 13,0; 84,49; 165219,2; 85,94
0,0; 43,7; 13,0; 81,72; 159812,5; 82,81
0,0; 44,9; 13,0; 80,55; 157522,7; 78,30
0,0; 46,2; 13,0; 72,12; 141028,4; 73,39
0,0; 47,4; 13,0; 67,02; 131066,8; 67,84
0,0; 48,6; 13,0; 62,68; 122574,6; 60,88
0,0; 49,8; 13,0; 53,32; 104262,1; 53,99
0,0; 51,0; 13,0; 46,34; 90612,1; 46,87
0,0; 52,2; 13,0; 40,88; 79951,0; 39,70
0,0; 53,4; 13,0; 32,14; 62857,2; 32,87
0,0; 54,6; 13,0; 26,85; 52507,5; 26,67
0,0; 55,8; 13,0; 21,96; 42948,7; 21,45
0,0; 57,0; 13,0; 16,50; 32269,5; 17,07
0,0; 58,2; 13,0; 13,76; 26905,3; 13,55
0,0; 59,4; 13,0; 10,66; 20847,7; 10,63
0,0; 60,6; 13,0; 8,08; 15804,1; 8,25
0,0; 61,8; 13,0; 6,53; 12766,1; 6,42
0,0; 63,0; 13,0; 5,05; 9885,2; 5,01
0,0; 64,2; 13,0; 3,65; 7137,1; 3,78
0,0; 65,4; 13,0; 2,90; 5670,6; 2,87
0,0; 66,6; 13,0; 2,16; 4218,2; 2,15
0,0; 67,8; 13,0; 1,55; 3039,2; 1,59
0,0; 69,0; 13,0; 1,16; 2262,3; 1,14
0,0; 70,2; 13,0; 0,81; 1588,0; 0,81
0,0; 71,4; 13,0; 0,54; 1060,1; 0,55
0,0; 72,6; 13,0; 0,34; 657,1; 0,33
0,0; 73,8; 13,0; 0,25; 484,1; 0,25
0,0; 75,0; 13,0; 0,12; 229,5; 0,12
0,0; 76,2; 13,0; 0,08; 162,6; 0,08
0,0; 77,4; 13,0; 0,02; 48,8; 0,02
0,0; 78,6; 13,0; 0,05; 93,0; 0,05
0,0; 79,8; 13,0; 0,07; 145,9; 0,07
0,0; 81,1; 13,0; 0,08; 151,5; 0,08
0,0; 82,2; 13,0; 0,12; 241,6; 0,13
0,0; 83,4; 13,0; 0,09; 174,9; 0,09
0,0; 84,6; 13,0; 0,14; 277,1; 0,14
0,0; 85,8; 13,0; 0,15; 291,9; 0,15
0,0; 87,0; 13,0; 0,16; 322,1; 0,16
0,0; 88,2; 13,0; 0,17; 326,1; 0,17
0,0; 89,4; 13,0; 0,18; 350,6; 0,18
0,0; 90,6; 13,0; 0,15; 299,0; 0,15
0,0; 91,8; 13,0; 0,19; 363,0; 0,19
0,0; 93,0; 13,0; 0,19; 375,5; 0,20
0,0; 94,2; 13,0; 0,19; 376,2; 0,19
0,0; 95,5; 13,0; 0,22; 431,0; 0,22
0,0; 96,7; 13,0; 0,19; 365,3; 0,19
0,0; 97,9; 13,0; 0,22; 437,0; 0,22
0,0; 99,1; 13,0; 0,23; 440,8; 0,23
0,0; 100,2; 13,0; 0,19; 379,8; 0,20
0,0; 101,5; 13,0; 0,26; 514,3; 0,25
0,0; 102,7; 13,0; 0,21; 416,4; 0,21
0,0; 103,8; 13,0; 0,22; 424,2; 0,22
0,0; 105,1; 13,0; 0,21; 405,4; 0,20
0,0; 106,3; 13,0; 0,23; 448,5; 0,23
0,0; 107,5; 13,0; 0,22; 420,7; 0,22
0,0; 108,6; 13,0; 0,23; 444,4; 0,22
0,0; 109,9; 13,0; 0,20; 389,3; 0,20
0,0; 111,0; 13,0; 0,23; 453,5; 0,24
0,0; 112,2; 13,0; 0,23; 446,2; 0,22
0,0; 113,4; 13,0; 0,25; 488,3; 0,25
0,0; 114,7; 13,0; 0,27; 523,3; 0,27
0,0; 115,9; 13,0; 0,26; 510,9; 0,25
0,0; 117,0; 13,0; 0,27; 531,3; 0,28
0,0; 118,2; 13,0; 0,26; 500,5; 0,26
0,0; 119,4; 13,0; 0,24; 462,6; 0,23
0,0; 120,7; 13,0; 0,24; 463,9; 0,24
0,0; 121,9; 13,0; 0,25; 480,0; 0,25
0,0; 123,0; 13,0; 0,24; 478,3; 0,24
0,0; 124,2; 13,0; 0,23; 453,8; 0,24
0,0; 125,5; 13,0; 0,22; 436,0; 0,23
0,0; 126,7; 13,0; 0,23; 446,5; 0,22
0,0; 127,9; 13,0; 0,20; 391,3; 0,20
0,0; 129,1; 13,0; 0,21; 413,3; 0,21
0,0; 130,3; 13,0; 0,19; 380,4; 0,19
0,0; 131,4; 13,0; 0,22; 438,9; 0,23
0,0; 132,7; 13,0; 0,23; 445,7; 0,23
0,0; 133,9; 13,0; 0,25; 482,2; 0,24
0,0; 135,1; 13,0; 0,23; 453,8; 0,23
0,0; 136,3; 13,0; 0,25; 497,2; 0,26
0,0; 137,5; 13,0; 0,15; 291,3; 0,15
0,0; 138,6; 13,0; 0,25; 484,1; 0,25
0,0; 139,9; 13,0; 0,27; 530,4; 0,27
0,0; 141,1; 13,0; 0,24; 478,9; 0,24
0,0; 142,3; 13,0; 0,26; 516,0; 0,27
0,0; 143,5; 13,0; 0,26; 502,2; 0,26
0,0; 144,7; 13,0; 0,24; 461,6; 0,23
0,0; 145,9; 13,0; 0,28; 538,5; 0,28
0,0; 147,1; 13,0; 0,30; 585,5; 0,30
0,0; 148,3; 13,0; 0,31; 598,9; 0,30
0,0; 149,5; 13,0; 0,29; 561,8; 0,29
0,0; 150,7; 13,0; 0,33; 637,3; 0,32


Measurement time:; 02/09/2022 18:51:13
Radiation device:; Clinac3 Accelerator
Energy:; 18 MeV 
Controller:; CCU
Measurement device:; Blue Phantom 2  (48*48*41)
Field detector:; CC 13 -  F
Reference detector:; CC 13 - R pas offset energie
SAD:; 1000 mm
SSD:; 1000 mm
Field size:; 100 x 100 mm
Gantry angle:; 0
Measurement medium:; Water
Scan type:; Inline
Scan mode:; Continuous
Wedge:; none

Points [mm]:
Inline; Crossline; Depth; Normalized field; Current field; Ratio
151,1; 0,0; 21,0; 0,05; 97,9; 0,06
150,4; 0,0; 21,0; 0,13; 264,0; 0,14
149,1; 0,0; 21,0; 0,15; 293,6; 0,15
147,9; 0,0; 21,0; 0,14; 276,7; 0,14
146,7; 0,0; 21,0; 0,13; 251,7; 0,13
145,5; 0,0; 21,0; 0,23; 444,9; 0,22
144,3; 0,0; 21,0; 0,14; 276,3; 0,14
143,1; 0,0; 21,0; 0,15; 292,1; 0,15
141,9; 0,0; 21,0; 0,15; 290,9; 0,14
140,6; 0,0; 21,0; 0,14; 271,7; 0,14
139,4; 0,0; 21,0; 0,14; 283,3; 0,14
138,2; 0,0; 21,0; 0,18; 344,8; 0,17
137,0; 0,0; 21,0; 0,18; 342,9; 0,18
135,8; 0,0; 21,0; 0,20; 395,5; 0,20
134,6; 0,0; 21,0; 0,21; 418,8; 0,21
133,4; 0,0; 21,0; 0,18; 349,0; 0,18
132,2; 0,0; 21,0; 0,21; 412,6; 0,21
131,0; 0,0; 21,0; 0,26; 510,4; 0,25
129,8; 0,0; 21,0; 0,20; 382,6; 0,20
128,7; 0,0; 21,0; 0,21; 412,7; 0,21
127,4; 0,0; 21,0; 0,24; 477,1; 0,24
126,2; 0,0; 21,0; 0,20; 397,6; 0,20
125,0; 0,0; 21,0; 0,21; 414,3; 0,21
123,8; 0,0; 21,0; 0,28; 539,0; 0,26
122,6; 0,0; 21,0; 0,23; 447,9; 0,23
121,4; 0,0; 21,0; 0,23; 448,2; 0,23
120,2; 0,0; 21,0; 0,24; 472,4; 0,23
119,0; 0,0; 21,0; 0,24; 471,7; 0,24
117,8; 0,0; 21,0; 0,25; 480,4; 0,25
116,6; 0,0; 21,0; 0,32; 634,5; 0,31
115,4; 0,0; 21,0; 0,28; 544,4; 0,28
114,2; 0,0; 21,0; 0,30; 589,2; 0,30
113,0; 0,0; 21,0; 0,33; 644,4; 0,32
111,8; 0,0; 21,0; 0,31; 603,7; 0,31
110,6; 0,0; 21,0; 0,33; 652,7; 0,33
109,4; 0,0; 21,0; 0,37; 730,6; 0,36
108,2; 0,0; 21,0; 0,37; 731,0; 0,37
107,0; 0,0; 21,0; 0,39; 756,2; 0,39
105,8; 0,0; 21,0; 0,43; 840,0; 0,41
104,6; 0,0; 21,0; 0,44; 868,6; 0,44
103,4; 0,0; 21,0; 0,47; 912,9; 0,47
102,2; 0,0; 21,0; 0,51; 1002,8; 0,49
101,0; 0,0; 21,0; 0,52; 1011,1; 0,52
99,8; 0,0; 21,0; 0,52; 1019,0; 0,53
98,6; 0,0; 21,0; 0,62; 1220,5; 0,60
97,4; 0,0; 21,0; 0,59; 1154,9; 0,60
96,2; 0,0; 21,0; 0,63; 1241,2; 0,64
95,0; 0,0; 21,0; 0,73; 1430,7; 0,70
93,8; 0,0; 21,0; 0,69; 1358,3; 0,71
92,6; 0,0; 21,0; 0,84; 1642,3; 0,84
91,4; 0,0; 21,0; 0,95; 1852,0; 0,92
90,2; 0,0; 21,0; 1,00; 1954,1; 1,01
89,0; 0,0; 21,0; 1,05; 2058,6; 1,06
87,8; 0,0; 21,0; 1,25; 2440,8; 1,20
86,6; 0,0; 21,0; 1,31; 2552,4; 1,30
85,3; 0,0; 21,0; 1,45; 2831,4; 1,46
84,2; 0,0; 21,0; 1,67; 3272,5; 1,60
83,0; 0,0; 21,0; 1,71; 3344,7; 1,72
81,8; 0,0; 21,0; 1,81; 3548,1; 1,83
80,6; 0,0; 21,0; 2,05; 4009,7; 1,96
79,3; 0,0; 21,0; 1,99; 3897,6; 2,03
78,2; 0,0; 21,0; 2,13; 4158,3; 2,13
76,9; 0,0; 21,0; 2,36; 4607,4; 2,27
75,7; 0,0; 21,0; 2,31; 4525,2; 2,35
74,6; 0,0; 21,0; 2,46; 4805,4; 2,47
73,3; 0,0; 21,0; 2,69; 5263,2; 2,61
72,1; 0,0; 21,0; 2,75; 5380,5; 2,77
70,9; 0,0; 21,0; 2,89; 5644,6; 2,92
69,7; 0,0; 21,0; 3,23; 6323,2; 3,13
68,5; 0,0; 21,0; 3,31; 6479,3; 3,32
67,3; 0,0; 21,0; 3,54; 6921,9; 3,59
66,1; 0,0; 21,0; 4,09; 7991,7; 3,91
64,9; 0,0; 21,0; 4,23; 8265,8; 4,23
63,7; 0,0; 21,0; 4,55; 8892,9; 4,60
62,5; 0,0; 21,0; 5,18; 10135,0; 4,96
61,3; 0,0; 21,0; 5,16; 10098,8; 5,36
60,1; 0,0; 21,0; 6,17; 12072,9; 6,00
58,9; 0,0; 21,0; 7,25; 14172,3; 6,91
57,7; 0,0; 21,0; 8,19; 16013,2; 8,25
56,5; 0,0; 21,0; 10,40; 20334,0; 10,37
55,3; 0,0; 21,0; 14,76; 28863,7; 14,16
54,1; 0,0; 21,0; 19,69; 38504,4; 19,67
52,9; 0,0; 21,0; 27,60; 53971,2; 27,66
51,7; 0,0; 21,0; 39,93; 78094,4; 38,52
50,5; 0,0; 21,0; 49,89; 97568,5; 50,19
49,3; 0,0; 21,0; 61,87; 120984,6; 62,60
48,1; 0,0; 21,0; 76,40; 149404,0; 73,27
46,9; 0,0; 21,0; 81,31; 158997,5; 82,07
45,6; 0,0; 21,0; 87,19; 170510,5; 88,11
44,5; 0,0; 21,0; 94,29; 184387,2; 91,66
43,2; 0,0; 21,0; 94,55; 184895,9; 94,23
42,1; 0,0; 21,0; 94,96; 185690,0; 95,70
40,9; 0,0; 21,0; 99,57; 194720,2; 96,57
39,6; 0,0; 21,0; 97,00; 189688,0; 97,07
38,5; 0,0; 21,0; 97,49; 190649,0; 97,57
37,2; 0,0; 21,0; 101,72; 198921,0; 97,90
36,0; 0,0; 21,0; 96,78; 189263,8; 97,98
34,8; 0,0; 21,0; 99,43; 194431,4; 98,37
33,6; 0,0; 21,0; 102,47; 200392,9; 98,62
32,4; 0,0; 21,0; 96,01; 187755,6; 98,52
31,2; 0,0; 21,0; 100,34; 196219,7; 98,79
30,0; 0,0; 21,0; 101,03; 197572,6; 98,92
28,8; 0,0; 21,0; 100,20; 195953,2; 99,10
27,6; 0,0; 21,0; 98,69; 192991,2; 99,16
26,4; 0,0; 21,0; 102,33; 200112,5; 99,30
25,2; 0,0; 21,0; 99,22; 194028,4; 99,10
24,0; 0,0; 21,0; 99,21; 194014,9; 99,37
22,8; 0,0; 21,0; 102,58; 200594,7; 99,50
21,6; 0,0; 21,0; 98,02; 191683,2; 99,27
20,4; 0,0; 21,0; 99,39; 194356,8; 99,47
19,2; 0,0; 21,0; 102,27; 200001,5; 99,29
18,0; 0,0; 21,0; 97,32; 190304,1; 99,49
16,8; 0,0; 21,0; 100,40; 196344,5; 99,57
15,6; 0,0; 21,0; 102,56; 200560,8; 99,66
14,4; 0,0; 21,0; 96,94; 189573,2; 99,40
13,2; 0,0; 21,0; 101,57; 198615,5; 99,79
12,0; 0,0; 21,0; 101,85; 199169,9; 99,49
10,8; 0,0; 21,0; 98,64; 192893,4; 99,59
9,6; 0,0; 21,0; 100,86; 197242,8; 99,81
8,4; 0,0; 21,0; 101,89; 199246,3; 99,75
7,2; 0,0; 21,0; 100,38; 196293,4; 99,59
6,0; 0,0; 21,0; 99,90; 195368,5; 99,91
4,8; 0,0; 21,0; 100,94; 197395,9; 99,98
3,6; 0,0; 21,0; 101,35; 198189,8; 99,81
2,4; 0,0; 21,0; 99,26; 194106,1; 99,89
1,2; 0,0; 21,0; 102,14; 199737,1; 99,93
0,0; 0,0; 21,0; 97,57; 190809,4; 99,72
-1,2; 0,0; 21,0; 99,35; 194274,1; 100,00
-2,4; 0,0; 21,0; 105,00; 205337,6; 99,92
-3,6; 0,0; 21,0; 98,16; 191963,9; 99,88
-4,8; 0,0; 21,0; 101,08; 197673,4; 99,87
-6,0; 0,0; 21,0; 102,67; 200770,4; 99,77
-7,2; 0,0; 21,0; 98,96; 193521,8; 99,73
-8,4; 0,0; 21,0; 102,09; 199637,8; 99,71
-9,6; 0,0; 21,0; 100,06; 195663,1; 99,79
-10,8; 0,0; 21,0; 99,88; 195329,6; 99,67
-12,0; 0,0; 21,0; 101,95; 199361,2; 99,79
-13,2; 0,0; 21,0; 100,24; 196025,9; 99,48
-14,4; 0,0; 21,0; 99,20; 193982,2; 99,54
-15,6; 0,0; 21,0; 99,08; 193745,8; 99,58
-16,8; 0,0; 21,0; 103,60; 202595,8; 99,47
-18,0; 0,0; 21,0; 98,78; 193168,1; 99,26
-19,3; 0,0; 21,0; 102,06; 199573,5; 99,49
-20,4; 0,0; 21,0; 99,72; 195007,5; 99,21
-21,6; 0,0; 21,0; 97,73; 191108,0; 99,20
-22,9; 0,0; 21,0; 101,62; 198726,3; 99,27
-24,1; 0,0; 21,0; 98,95; 193510,4; 99,20
-25,3; 0,0; 21,0; 98,25; 192132,5; 98,86
-26,5; 0,0; 21,0; 102,00; 199458,2; 99,09
-27,7; 0,0; 21,0; 99,42; 194415,0; 98,89
-28,9; 0,0; 21,0; 98,52; 192664,4; 98,80
-30,1; 0,0; 21,0; 102,12; 199698,5; 98,76
-31,3; 0,0; 21,0; 98,49; 192594,4; 98,65
-32,5; 0,0; 21,0; 97,24; 190151,1; 98,62
-33,7; 0,0; 21,0; 101,38; 198253,7; 98,43
-34,9; 0,0; 21,0; 97,58; 190813,2; 98,28
-36,1; 0,0; 21,0; 100,98; 197477,7; 98,20
-37,3; 0,0; 21,0; 96,70; 189108,3; 97,93
-38,5; 0,0; 21,0; 97,27; 190217,0; 97,52
-39,7; 0,0; 21,0; 96,95; 189589,9; 97,44
-40,9; 0,0; 21,0; 95,88; 187498,1; 97,06
-42,1; 0,0; 21,0; 100,07; 195700,8; 96,59
-43,3; 0,0; 21,0; 95,93; 187594,1; 95,90
-44,5; 0,0; 21,0; 98,63; 192867,9; 95,34
-45,7; 0,0; 21,0; 93,29; 182438,2; 93,68
-46,9; 0,0; 21,0; 90,83; 177621,7; 91,30
-48,1; 0,0; 21,0; 90,19; 176375,3; 87,65
-49,3; 0,0; 21,0; 81,54; 159450,2; 81,46
-50,5; 0,0; 21,0; 72,42; 141628,8; 72,69
-51,7; 0,0; 21,0; 62,20; 121635,4; 62,35
-52,9; 0,0; 21,0; 51,71; 101120,6; 49,70
-54,1; 0,0; 21,0; 37,59; 73515,0; 37,77
-55,3; 0,0; 21,0; 27,28; 53337,8; 27,42
-56,5; 0,0; 21,0; 20,04; 39180,3; 19,31
-57,7; 0,0; 21,0; 13,65; 26694,6; 13,74
-58,9; 0,0; 21,0; 10,42; 20384,6; 10,10
-60,1; 0,0; 21,0; 7,94; 15521,6; 7,95
-61,3; 0,0; 21,0; 6,44; 12599,7; 6,53
-62,5; 0,0; 21,0; 5,65; 11056,3; 5,67
-63,7; 0,0; 21,0; 5,15; 10071,7; 5,08
-64,9; 0,0; 21,0; 4,52; 8838,5; 4,44
-66,1; 0,0; 21,0; 4,23; 8268,2; 4,16
-67,3; 0,0; 21,0; 3,81; 7445,2; 3,81
-68,5; 0,0; 21,0; 3,51; 6864,8; 3,52
-69,7; 0,0; 21,0; 3,35; 6541,7; 3,28
-71,0; 0,0; 21,0; 3,04; 5951,6; 3,05
-72,1; 0,0; 21,0; 2,83; 5542,9; 2,82
-73,4; 0,0; 21,0; 2,68; 5246,1; 2,66
-74,6; 0,0; 21,0; 2,53; 4941,9; 2,53
-75,8; 0,0; 21,0; 2,42; 4733,7; 2,38
-77,0; 0,0; 21,0; 2,24; 4388,0; 2,23
-78,2; 0,0; 21,0; 2,06; 4032,5; 2,08
-79,4; 0,0; 21,0; 2,05; 4017,6; 2,01
-80,6; 0,0; 21,0; 1,98; 3875,7; 1,97
-81,8; 0,0; 21,0; 1,86; 3637,4; 1,87
-83,0; 0,0; 21,0; 1,82; 3559,1; 1,76
-84,2; 0,0; 21,0; 1,70; 3330,0; 1,70
-85,4; 0,0; 21,0; 1,57; 3066,5; 1,58
-86,6; 0,0; 21,0; 1,55; 3022,8; 1,51
-87,8; 0,0; 21,0; 1,40; 2738,7; 1,40
-89,0; 0,0; 21,0; 1,28; 2502,6; 1,29
-90,2; 0,0; 21,0; 1,28; 2493,7; 1,24
-91,4; 0,0; 21,0; 1,05; 2053,5; 1,05
-92,6; 0,0; 21,0; 1,02; 1996,4; 1,03
-93,8; 0,0; 21,0; 0,99; 1932,0; 0,96
-95,0; 0,0; 21,0; 0,85; 1671,2; 0,86
-96,2; 0,0; 21,0; 0,78; 1528,8; 0,79
-97,4; 0,0; 21,0; 0,81; 1584,7; 0,79
-98,6; 0,0; 21,0; 0,68; 1337,7; 0,69
-99,8; 0,0; 21,0; 0,65; 1277,4; 0,66
-101,0; 0,0; 21,0; 0,65; 1278,3; 0,63
-102,2; 0,0; 21,0; 0,57; 1112,0; 0,57
-103,4; 0,0; 21,0; 0,58; 1139,8; 0,56
-104,6; 0,0; 21,0; 0,52; 1013,9; 0,52
-105,8; 0,0; 21,0; 0,53; 1029,4; 0,53
-107,0; 0,0; 21,0; 0,50; 986,7; 0,51
-108,2; 0,0; 21,0; 0,50; 987,4; 0,49
-109,5; 0,0; 21,0; 0,43; 849,5; 0,44
-110,6; 0,0; 21,0; 0,42; 816,7; 0,42
-111,8; 0,0; 21,0; 0,49; 949,0; 0,47
-113,1; 0,0; 21,0; 0,45; 881,2; 0,45
-114,2; 0,0; 21,0; 0,45; 879,2; 0,45
-115,4; 0,0; 21,0; 0,48; 941,9; 0,46
-116,6; 0,0; 21,0; 0,39; 770,3; 0,40
-117,8; 0,0; 21,0; 0,42; 824,4; 0,41
-119,1; 0,0; 21,0; 0,36; 713,5; 0,36
-120,2; 0,0; 21,0; 0,41; 802,2; 0,41
-121,5; 0,0; 21,0; 0,36; 708,0; 0,36
-122,7; 0,0; 21,0; 0,41; 804,3; 0,40
-123,9; 0,0; 21,0; 0,35; 683,0; 0,35
-125,1; 0,0; 21,0; 0,42; 818,9; 0,42
-126,3; 0,0; 21,0; 0,41; 793,0; 0,39
-127,5; 0,0; 21,0; 0,35; 686,5; 0,35
-128,7; 0,0; 21,0; 0,36; 695,6; 0,36
-129,9; 0,0; 21,0; 0,34; 661,1; 0,33
-131,1; 0,0; 21,0; 0,40; 774,1; 0,40
-132,3; 0,0; 21,0; 0,36; 706,6; 0,36
-133,5; 0,0; 21,0; 0,41; 805,7; 0,40
-134,7; 0,0; 21,0; 0,36; 699,7; 0,36
-135,9; 0,0; 21,0; 0,38; 746,4; 0,38
-137,1; 0,0; 21,0; 0,42; 824,6; 0,41
-138,3; 0,0; 21,0; 0,40; 781,3; 0,40
-139,5; 0,0; 21,0; 0,38; 749,4; 0,39
-140,7; 0,0; 21,0; 0,39; 755,7; 0,37
-141,9; 0,0; 21,0; 0,35; 685,1; 0,35
-143,1; 0,0; 21,0; 0,36; 704,9; 0,36
-144,3; 0,0; 21,0; 0,40; 779,5; 0,38
-145,5; 0,0; 21,0; 0,40; 773,2; 0,40
-146,7; 0,0; 21,0; 0,35; 679,4; 0,35
-147,9; 0,0; 21,0; 0,42; 816,4; 0,40
-149,1; 0,0; 21,0; 0,30; 589,6; 0,30
-151,1; 0,0; 21,0; 0,37; 729,2; 0,37


Measurement time:; 02/09/2022 18:53:11
Radiation device:; Clinac3 Accelerator
Energy:; 18 MeV 
Controller:; CCU
Measurement device:; Blue Phantom 2  (48*48*41)
Field detector:; CC 13 -  F
Reference detector:; CC 13 - R pas offset energie
SAD:; 1000 mm
SSD:; 1000 mm
Field size:; 100 x 100 mm
Gantry angle:; 0
Measurement medium:; Water
Scan type:; Crossline
Scan mode:; Continuous
Wedge:; none

Points [mm]:
Inline; Crossline; Depth; Normalized field; Current field; Ratio
0,0; -151,1; 21,0; 0,29; 568,1; 0,19
0,0; -150,4; 21,0; 0,05; 100,6; 0,05
0,0; -149,1; 21,0; 0,13; 250,3; 0,13
0,0; -147,9; 21,0; 0,09; 176,5; 0,09
0,0; -146,7; 21,0; 0,13; 253,6; 0,13
0,0; -145,5; 21,0; 0,10; 194,6; 0,10
0,0; -144,3; 21,0; 0,08; 159,7; 0,08
0,0; -143,1; 21,0; 0,16; 317,6; 0,16
0,0; -141,8; 21,0; 0,16; 313,6; 0,16
0,0; -140,7; 21,0; 0,13; 255,9; 0,13
0,0; -139,4; 21,0; 0,20; 385,5; 0,19
0,0; -138,2; 21,0; 0,18; 346,4; 0,18
0,0; -137,0; 21,0; 0,16; 314,6; 0,16
0,0; -135,8; 21,0; 0,23; 443,0; 0,22
0,0; -134,6; 21,0; 0,23; 446,8; 0,23
0,0; -133,4; 21,0; 0,19; 371,5; 0,19
0,0; -132,2; 21,0; 0,25; 483,2; 0,24
0,0; -131,0; 21,0; 0,18; 355,7; 0,18
0,0; -129,8; 21,0; 0,21; 416,3; 0,22
0,0; -128,6; 21,0; 0,23; 453,9; 0,22
0,0; -127,4; 21,0; 0,22; 426,4; 0,22
0,0; -126,2; 21,0; 0,20; 400,1; 0,20
0,0; -125,0; 21,0; 0,25; 495,2; 0,24
0,0; -123,8; 21,0; 0,24; 478,4; 0,25
0,0; -122,6; 21,0; 0,22; 439,5; 0,22
0,0; -121,4; 21,0; 0,29; 563,9; 0,28
0,0; -120,2; 21,0; 0,26; 517,5; 0,27
0,0; -119,0; 21,0; 0,20; 398,7; 0,21
0,0; -117,8; 21,0; 0,32; 624,5; 0,31
0,0; -116,6; 21,0; 0,29; 564,8; 0,29
0,0; -115,4; 21,0; 0,27; 521,4; 0,27
0,0; -114,2; 21,0; 0,28; 540,7; 0,27
0,0; -113,0; 21,0; 0,28; 554,0; 0,28
0,0; -111,8; 21,0; 0,31; 599,4; 0,31
0,0; -110,6; 21,0; 0,34; 674,4; 0,33
0,0; -109,4; 21,0; 0,35; 693,4; 0,36
0,0; -108,2; 21,0; 0,35; 689,8; 0,36
0,0; -107,0; 21,0; 0,41; 803,8; 0,40
0,0; -105,8; 21,0; 0,42; 820,5; 0,43
0,0; -104,6; 21,0; 0,41; 794,4; 0,41
0,0; -103,4; 21,0; 0,47; 926,7; 0,46
0,0; -102,2; 21,0; 0,48; 945,1; 0,49
0,0; -101,0; 21,0; 0,50; 969,0; 0,50
0,0; -99,8; 21,0; 0,59; 1150,1; 0,56
0,0; -98,6; 21,0; 0,61; 1200,8; 0,61
0,0; -97,4; 21,0; 0,62; 1205,8; 0,62
0,0; -96,2; 21,0; 0,72; 1414,5; 0,69
0,0; -94,9; 21,0; 0,71; 1388,4; 0,71
0,0; -93,7; 21,0; 0,75; 1470,9; 0,76
0,0; -92,5; 21,0; 0,86; 1689,2; 0,83
0,0; -91,3; 21,0; 0,93; 1811,8; 0,93
0,0; -90,1; 21,0; 1,01; 1971,8; 1,02
0,0; -88,9; 21,0; 1,12; 2187,7; 1,08
0,0; -87,7; 21,0; 1,13; 2206,5; 1,14
0,0; -86,5; 21,0; 1,18; 2306,7; 1,19
0,0; -85,4; 21,0; 1,49; 2914,7; 1,44
0,0; -84,1; 21,0; 1,54; 3011,2; 1,55
0,0; -82,9; 21,0; 1,66; 3252,0; 1,68
0,0; -81,7; 21,0; 1,90; 3723,5; 1,84
0,0; -80,5; 21,0; 1,94; 3795,3; 1,96
0,0; -79,3; 21,0; 2,01; 3937,9; 2,02
0,0; -78,1; 21,0; 2,26; 4423,6; 2,17
0,0; -76,9; 21,0; 2,26; 4421,0; 2,27
0,0; -75,7; 21,0; 2,35; 4587,3; 2,35
0,0; -74,5; 21,0; 2,63; 5134,5; 2,52
0,0; -73,3; 21,0; 2,64; 5164,6; 2,66
0,0; -72,1; 21,0; 2,79; 5457,1; 2,80
0,0; -70,9; 21,0; 3,09; 6040,5; 2,98
0,0; -69,7; 21,0; 3,15; 6151,0; 3,18
0,0; -68,5; 21,0; 3,40; 6653,6; 3,43
0,0; -67,3; 21,0; 3,85; 7522,9; 3,71
0,0; -66,1; 21,0; 4,00; 7819,7; 4,05
0,0; -64,9; 21,0; 4,37; 8549,5; 4,37
0,0; -63,7; 21,0; 5,00; 9775,8; 4,83
0,0; -62,5; 21,0; 5,30; 10360,3; 5,35
0,0; -61,3; 21,0; 6,01; 11758,3; 6,04
0,0; -60,1; 21,0; 7,40; 14469,2; 7,12
0,0; -58,9; 21,0; 8,81; 17234,3; 8,84
0,0; -57,7; 21,0; 11,52; 22527,2; 11,60
0,0; -56,5; 21,0; 16,97; 33180,6; 16,29
0,0; -55,3; 21,0; 22,98; 44934,8; 23,20
0,0; -54,1; 21,0; 32,34; 63251,1; 32,62
0,0; -52,9; 21,0; 45,45; 88873,3; 44,05
0,0; -51,7; 21,0; 56,56; 110604,0; 56,97
0,0; -50,5; 21,0; 67,95; 132882,8; 68,78
0,0; -49,3; 21,0; 81,39; 159159,9; 78,43
0,0; -48,1; 21,0; 84,41; 165062,5; 85,92
0,0; -46,8; 21,0; 89,83; 175673,7; 90,56
0,0; -45,7; 21,0; 97,40; 190470,2; 93,20
0,0; -44,5; 21,0; 94,62; 185028,6; 95,40
0,0; -43,3; 21,0; 95,89; 187517,9; 96,45
0,0; -42,0; 21,0; 100,79; 197101,4; 96,95
0,0; -40,9; 21,0; 96,61; 188922,4; 97,59
0,0; -39,7; 21,0; 97,79; 191242,4; 97,94
0,0; -38,4; 21,0; 101,80; 199076,2; 98,16
0,0; -37,2; 21,0; 97,82; 191285,4; 98,49
0,0; -36,0; 21,0; 98,37; 192362,6; 98,72
0,0; -34,8; 21,0; 101,81; 199087,5; 99,00
0,0; -33,6; 21,0; 97,14; 189964,4; 98,85
0,0; -32,4; 21,0; 99,11; 193805,6; 99,00
0,0; -31,2; 21,0; 102,22; 199886,6; 99,24
0,0; -30,0; 21,0; 98,31; 192247,7; 99,19
0,0; -28,8; 21,0; 99,49; 194549,4; 99,44
0,0; -27,6; 21,0; 102,72; 200879,5; 99,23
0,0; -26,4; 21,0; 97,29; 190264,5; 99,38
0,0; -25,2; 21,0; 101,44; 198365,7; 99,47
0,0; -24,0; 21,0; 103,79; 202962,1; 99,49
0,0; -22,8; 21,0; 96,88; 189450,5; 99,42
0,0; -21,6; 21,0; 102,10; 199656,1; 99,76
0,0; -20,4; 21,0; 103,07; 201567,0; 99,58
0,0; -19,2; 21,0; 98,55; 192721,4; 99,71
0,0; -18,0; 21,0; 100,82; 197157,7; 99,81
0,0; -16,8; 21,0; 101,08; 197673,8; 99,58
0,0; -15,6; 21,0; 97,82; 191294,7; 99,90
0,0; -14,4; 21,0; 101,72; 198923,4; 100,00
0,0; -13,2; 21,0; 102,94; 201313,7; 99,86
0,0; -12,0; 21,0; 96,69; 189072,2; 99,91
0,0; -10,8; 21,0; 101,81; 199086,1; 100,00
0,0; -9,6; 21,0; 102,90; 201222,4; 99,92
0,0; -8,4; 21,0; 96,67; 189050,8; 99,92
0,0; -7,2; 21,0; 101,86; 199192,1; 99,98
0,0; -6,0; 21,0; 100,70; 196924,8; 99,97
0,0; -4,8; 21,0; 99,17; 193926,8; 99,89
0,0; -3,6; 21,0; 101,73; 198936,7; 99,88
0,0; -2,4; 21,0; 100,92; 197351,9; 99,90
0,0; -1,2; 21,0; 100,50; 196537,5; 99,84
0,0; 0,0; 21,0; 101,41; 198308,6; 99,95
0,0; 1,2; 21,0; 99,43; 194432,2; 99,64
0,0; 2,4; 21,0; 99,43; 194436,5; 99,62
0,0; 3,6; 21,0; 102,98; 201388,3; 99,86
0,0; 4,8; 21,0; 100,06; 195664,2; 99,57
0,0; 6,0; 21,0; 98,71; 193028,2; 99,55
0,0; 7,2; 21,0; 102,67; 200777,3; 99,50
0,0; 8,4; 21,0; 99,84; 195233,4; 99,35
0,0; 9,6; 21,0; 98,70; 193010,1; 99,45
0,0; 10,8; 21,0; 102,76; 200944,4; 99,49
0,0; 12,0; 21,0; 99,58; 194738,9; 99,16
0,0; 13,2; 21,0; 98,44; 192511,3; 99,32
0,0; 14,4; 21,0; 102,23; 199915,0; 99,20
0,0; 15,6; 21,0; 99,00; 193600,2; 99,35
0,0; 16,8; 21,0; 97,52; 190701,8; 99,16
0,0; 18,1; 21,0; 101,87; 199206,9; 99,18
0,0; 19,2; 21,0; 98,72; 193042,3; 98,89
0,0; 20,4; 21,0; 97,94; 191528,0; 99,06
0,0; 21,6; 21,0; 101,92; 199308,6; 98,95
0,0; 22,9; 21,0; 98,14; 191910,9; 98,78
0,0; 24,0; 21,0; 101,62; 198731,3; 98,90
0,0; 25,2; 21,0; 97,47; 190613,5; 98,73
0,0; 26,5; 21,0; 98,40; 192419,4; 98,72
0,0; 27,7; 21,0; 97,84; 191332,9; 98,66
0,0; 28,9; 21,0; 101,58; 198650,0; 98,49
0,0; 30,1; 21,0; 98,13; 191904,1; 98,35
0,0; 31,3; 21,0; 98,28; 192183,6; 98,33
0,0; 32,5; 21,0; 97,34; 190351,3; 98,31
0,0; 33,7; 21,0; 101,83; 199138,7; 97,98
0,0; 34,9; 21,0; 98,26; 192145,8; 98,09
0,0; 36,1; 21,0; 100,40; 196341,5; 98,18
0,0; 37,3; 21,0; 96,72; 189134,7; 97,67
0,0; 38,5; 21,0; 98,16; 191962,2; 97,58
0,0; 39,7; 21,0; 100,59; 196713,1; 97,58
0,0; 40,9; 21,0; 95,99; 187716,2; 96,74
0,0; 42,1; 21,0; 96,24; 188192,9; 96,25
0,0; 43,3; 21,0; 97,10; 189892,8; 95,27
0,0; 44,5; 21,0; 94,88; 185547,7; 93,36
0,0; 45,7; 21,0; 89,93; 175867,8; 90,16
0,0; 46,9; 21,0; 86,88; 169902,3; 84,83
0,0; 48,1; 21,0; 77,45; 151452,8; 76,76
0,0; 49,3; 21,0; 66,90; 130831,2; 66,80
0,0; 50,5; 21,0; 56,10; 109714,1; 54,47
0,0; 51,7; 21,0; 41,84; 81814,6; 42,24
0,0; 52,9; 21,0; 31,08; 60783,6; 31,00
0,0; 54,1; 21,0; 22,17; 43348,8; 21,81
0,0; 55,3; 21,0; 15,48; 30279,2; 15,34
0,0; 56,5; 21,0; 11,07; 21645,6; 11,19
0,0; 57,7; 21,0; 8,65; 16916,8; 8,61
0,0; 58,9; 21,0; 6,92; 13531,6; 6,99
0,0; 60,1; 21,0; 6,11; 11946,9; 5,98
0,0; 61,3; 21,0; 5,36; 10490,6; 5,32
0,0; 62,5; 21,0; 4,70; 9182,1; 4,73
0,0; 63,7; 21,0; 4,42; 8647,9; 4,32
0,0; 64,9; 21,0; 4,02; 7868,8; 4,00
0,0; 66,2; 21,0; 3,63; 7092,9; 3,62
0,0; 67,4; 21,0; 3,49; 6825,2; 3,40
0,0; 68,5; 21,0; 3,14; 6144,5; 3,12
0,0; 69,7; 21,0; 2,98; 5827,8; 2,91
0,0; 71,0; 21,0; 2,69; 5255,9; 2,72
0,0; 72,2; 21,0; 2,59; 5061,3; 2,59
0,0; 73,4; 21,0; 2,45; 4799,8; 2,49
0,0; 74,6; 21,0; 2,43; 4758,7; 2,38
0,0; 75,8; 21,0; 2,23; 4367,7; 2,24
0,0; 77,0; 21,0; 2,04; 3998,2; 2,07
0,0; 78,2; 21,0; 2,07; 4046,5; 2,02
0,0; 79,4; 21,0; 1,81; 3549,1; 1,84
0,0; 80,6; 21,0; 1,77; 3456,8; 1,72
0,0; 81,8; 21,0; 1,58; 3098,9; 1,60
0,0; 83,0; 21,0; 1,42; 2775,1; 1,41
0,0; 84,2; 21,0; 1,27; 2476,2; 1,27
0,0; 85,4; 21,0; 1,23; 2399,9; 1,18
0,0; 86,6; 21,0; 1,06; 2077,1; 1,06
0,0; 87,8; 21,0; 0,99; 1931,2; 1,00
0,0; 89,0; 21,0; 0,98; 1922,7; 0,95
0,0; 90,2; 21,0; 0,84; 1635,0; 0,84
0,0; 91,4; 21,0; 0,87; 1707,8; 0,84
0,0; 92,6; 21,0; 0,69; 1346,3; 0,70
0,0; 93,8; 21,0; 0,66; 1292,6; 0,66
0,0; 95,0; 21,0; 0,66; 1281,7; 0,66
0,0; 96,2; 21,0; 0,64; 1243,0; 0,61
0,0; 97,4; 21,0; 0,53; 1032,6; 0,53
0,0; 98,6; 21,0; 0,56; 1103,2; 0,56
0,0; 99,8; 21,0; 0,51; 989,4; 0,49
0,0; 101,0; 21,0; 0,46; 908,3; 0,46
0,0; 102,2; 21,0; 0,44; 861,1; 0,44
0,0; 103,4; 21,0; 0,39; 764,1; 0,38
0,0; 104,6; 21,0; 0,38; 744,3; 0,38
0,0; 105,8; 21,0; 0,35; 688,0; 0,34
0,0; 107,0; 21,0; 0,29; 567,0; 0,29
0,0; 108,2; 21,0; 0,31; 601,6; 0,31
0,0; 109,4; 21,0; 0,23; 450,9; 0,23
0,0; 110,6; 21,0; 0,30; 577,6; 0,29
0,0; 111,8; 21,0; 0,20; 385,7; 0,20
0,0; 113,0; 21,0; 0,18; 359,0; 0,19
0,0; 114,2; 21,0; 0,20; 399,4; 0,20
0,0; 115,4; 21,0; 0,23; 447,2; 0,23
0,0; 116,6; 21,0; 0,15; 289,8; 0,15
0,0; 117,8; 21,0; 0,20; 395,6; 0,20
0,0; 119,0; 21,0; 0,16; 313,9; 0,16
0,0; 120,2; 21,0; 0,12; 238,3; 0,12
0,0; 121,4; 21,0; 0,16; 310,4; 0,15
0,0; 122,6; 21,0; 0,11; 214,7; 0,11
0,0; 123,8; 21,0; 0,10; 190,2; 0,10
0,0; 125,0; 21,0; 0,19; 367,7; 0,18
0,0; 126,2; 21,0; 0,13; 252,5; 0,13
0,0; 127,4; 21,0; 0,12; 234,4; 0,12
0,0; 128,6; 21,0; 0,08; 159,1; 0,08
0,0; 129,8; 21,0; 0,13; 259,5; 0,13
0,0; 131,0; 21,0; 0,12; 225,9; 0,11
0,0; 132,2; 21,0; 0,06; 126,0; 0,07
0,0; 133,4; 21,0; 0,07; 137,3; 0,07
0,0; 134,6; 21,0; 0,12; 239,8; 0,12
0,0; 135,8; 21,0; 0,13; 250,9; 0,13
0,0; 137,0; 21,0; 0,05; 106,0; 0,05
0,0; 138,2; 21,0; 0,05; 89,7; 0,05
0,0; 139,4; 21,0; 0,06; 124,7; 0,06
0,0; 140,6; 21,0; 0,08; 157,4; 0,08
0,0; 141,8; 21,0; 0,02; 41,3; 0,02
0,0; 143,0; 21,0; 0,05; 88,4; 0,04
0,0; 144,2; 21,0; 0,01; 18,6; 0,01
0,0; 145,4; 21,0; 0,01; 20,8; 0,01
0,0; 146,6; 21,0; 0,09; 176,0; 0,09
0,0; 147,8; 21,0; 0,02; 37,1; 0,02
0,0; 149,0; 21,0; 0,02; 42,0; 0,02
0,0; 150,2; 21,0; 0,00; 6,6; 0,00
0,0; 151,1; 21,0; 0,03; 53,2; 0,03


