Measurement time:; 04/09/2023 17:12:26;;;;;;Measurement time:; 04/09/2023 17:13:06;;;;;;Measurement time:; 04/09/2023 17:14:20;;;;;;Measurement time:; 04/09/2023 17:15:27;;;;
Radiation device:; Clinac2 Accelerator;;;;;;Radiation device:; Clinac2 Accelerator;;;;;;Radiation device:; Clinac2 Accelerator;;;;;;Radiation device:; Clinac2 Accelerator;;;;
Energy:; 6 MV ;;;;;;Energy:; 23 MV ;;;;;;Energy:; 6 MV ;;;;;;Energy:; 23 MV ;;;;
Controller:; CCU;;;;;;Controller:; CCU;;;;;;Controller:; CCU;;;;;;Controller:; CCU;;;;
Measurement device:; Blue Phantom 2  (48*48*41);;;;;;Measurement device:; Blue Phantom 2  (48*48*41);;;;;;Measurement device:; Blue Phantom 2  (48*48*41);;;;;;Measurement device:; Blue Phantom 2  (48*48*41);;;;
Field detector:; CC 13 -  F;;;;;;Field detector:; CC 13 -  F;;;;;;Field detector:; CC 13 -  F;;;;;;Field detector:; CC 13 -  F;;;;
Reference detector:; CC 13 - R pas offset energie;;;;;;Reference detector:; CC 13 - R pas offset energie;;;;;;Reference detector:; CC 13 - R pas offset energie;;;;;;Reference detector:; CC 13 - R pas offset energie;;;;
SAD:; 1000 mm;;;;;;SAD:; 1000 mm;;;;;;SAD:; 1000 mm;;;;;;SAD:; 1000 mm;;;;
SSD:; 1000 mm;;;;;;SSD:; 1000 mm;;;;;;SSD:; 1000 mm;;;;;;SSD:; 1000 mm;;;;
Field size:; 120 x 120 mm;;;;;;Field size:; 120 x 120 mm;;;;;;Field size:; 120 x 120 mm;;;;;;Field size:; 120 x 120 mm;;;;
Gantry angle:;0;;;;;;Gantry angle:;0;;;;;;Gantry angle:;0;;;;;;Gantry angle:;0;;;;
Measurement medium:; Water;;;;;;Measurement medium:; Water;;;;;;Measurement medium:; Water;;;;;;Measurement medium:; Water;;;;
Scan type:; Crossline;;;;;;Scan type:; Crossline;;;;;;Scan type:; Crossline;;;;;;Scan type:; Crossline;;;;
Scan mode:; Continuous;;;;;;Scan mode:; Continuous;;;;;;Scan mode:; Continuous;;;;;;Scan mode:; Continuous;;;;
Wedge:; none;;;;;;Wedge:; none;;;;;;Wedge:; none;;;;;;Wedge:; none;;;;
;;;Crossline X6 Ouverture;;;;;;;Crossline X23 Ouverture;;;;;;;Crossline X6 Fermeture;;;;;;;Crossline X23 Fermeture;;
Points [mm]:;;;;;;;Points [mm]:;;;;;;;Points [mm]:;;;;;;;Points [mm]:;;;;;
Inline; Crossline; Depth; Normalized field; Current field; Ratio;;Inline; Crossline; Depth; Normalized field; Current field; Ratio;;Inline; Crossline; Depth; Normalized field; Current field; Ratio;;Inline; Crossline; Depth; Normalized field; Current field; Ratio
0;-166;100;81,8;3035,6;1,91;;0;-166;100;55,88;2073,5;1,23;;0;-166;100;96,02;3563,4;2,12;;0;-166;100;71,7;2660,6;1,48
0;-165;100;99,65;3698,1;2,13;;0;-164,9;100;70,81;2627,6;1,36;;0;-165;100;99,4;3688,7;2,17;;0;-164,9;100;71,73;2661,8;1,4
0;-163,2;100;98,88;3669,4;2,18;;0;-163,1;100;75,09;2786,6;1,42;;0;-163,2;100;101,69;3773,6;2,22;;0;-163,1;100;75,86;2815,2;1,43
0;-162,1;100;105,14;3901,8;2,28;;0;-161,8;100;70,74;2625,2;1,37;;0;-161,7;100;100,65;3735,2;2,21;;0;-162;100;71,86;2666,5;1,36
0;-160,8;100;104,75;3887,3;2,29;;0;-160,6;100;76,64;2844,1;1,48;;0;-160,8;100;103,2;3829,8;2,25;;0;-160,6;100;72,27;2682;1,39
0;-159,6;100;103,62;3845,4;2,27;;0;-159,5;100;74,89;2779;1,47;;0;-159,6;100;102,91;3819,1;2,25;;0;-159,5;100;73,49;2727,3;1,43
0;-158,5;100;107,78;3999,5;2,35;;0;-158,4;100;70,48;2615,7;1,41;;0;-158,5;100;104,54;3879,6;2,28;;0;-158,4;100;76,34;2832,9;1,48
0;-157,3;100;110,1;4085,7;2,4;;0;-157,3;100;76,17;2826,5;1,47;;0;-157,3;100;103,97;3858,5;2,28;;0;-157,2;100;77,36;2870,9;1,49
0;-156,1;100;107,92;4004,9;2,37;;0;-155,9;100;74,24;2755,2;1,44;;0;-156;100;108,98;4044,4;2,37;;0;-155,9;100;74,41;2761,4;1,43
0;-154,8;100;111,25;4128,3;2,43;;0;-154,7;100;78,15;2900,2;1,48;;0;-154,8;100;110,63;4105,4;2,42;;0;-154,7;100;77,32;2869,2;1,48
0;-153,6;100;108,6;4030,3;2,39;;0;-153,5;100;77,35;2870,3;1,49;;0;-153,6;100;114,46;4247,5;2,48;;0;-153,4;100;80,21;2976,6;1,51
0;-152,4;100;110,7;4108,1;2,42;;0;-152,3;100;79,83;2962,6;1,55;;0;-152,4;100;111,61;4142;2,45;;0;-152,2;100;76,76;2848,6;1,48
0;-151,2;100;114,67;4255,3;2,49;;0;-151,2;100;79,61;2954,4;1,56;;0;-151,2;100;114,89;4263,6;2,51;;0;-151,1;100;78,26;2904,3;1,51
0;-150;100;110,61;4104,9;2,44;;0;-149,9;100;82,47;3060,3;1,6;;0;-149,9;100;119,61;4438,6;2,6;;0;-149,8;100;82,86;3074,8;1,59
0;-148,8;100;116,7;4330,6;2,55;;0;-148,7;100;83,12;3084,6;1,59;;0;-148,8;100;118,97;4414,9;2,61;;0;-148,6;100;83,28;3090,7;1,63
0;-147,6;100;120,63;4476,6;2,63;;0;-147,5;100;83,82;3110,4;1,59;;0;-147,6;100;123,11;4568,5;2,68;;0;-147,3;100;89,47;3320,2;1,7
0;-146,4;100;121,42;4505,9;2,65;;0;-146,3;100;86,93;3226;1,65;;0;-146,4;100;123,42;4580,1;2,69;;0;-146,2;100;86,18;3198,2;1,63
0;-145,1;100;120,96;4488,9;2,65;;0;-145,1;100;86,3;3202,5;1,66;;0;-145,1;100;120,6;4475,5;2,65;;0;-145;100;87,27;3238,6;1,65
0;-143,9;100;122,57;4548,4;2,69;;0;-143,9;100;83,03;3081,4;1,62;;0;-143,9;100;125,63;4662,3;2,74;;0;-143,7;100;87,29;3239,5;1,66
0;-142,8;100;128,37;4763,7;2,8;;0;-142,7;100;84,39;3131,7;1,65;;0;-142,8;100;127,5;4731,6;2,79;;0;-142,6;100;88,24;3274,7;1,69
0;-141,5;100;132,81;4928,7;2,9;;0;-141,4;100;92,13;3419,1;1,77;;0;-141,5;100;132,81;4928,4;2,89;;0;-141,4;100;89,23;3311,2;1,73
0;-140,2;100;133,45;4952,2;2,92;;0;-140,2;100;94,64;3512;1,8;;0;-140,4;100;134,92;5006,9;2,95;;0;-140,2;100;92,19;3421,3;1,78
0;-139,1;100;137,25;5093,4;2,99;;0;-139;100;92,92;3448,3;1,76;;0;-139,1;100;138,96;5156,7;3,02;;0;-138,9;100;93,26;3460,8;1,79
0;-137,9;100;138,52;5140,6;3,03;;0;-137,8;100;91,39;3391,5;1,74;;0;-137,9;100;136,99;5083,9;3;;0;-137,7;100;95,74;3552,8;1,82
0;-136,7;100;140,53;5215;3,07;;0;-136,6;100;94,01;3488,7;1,8;;0;-136,7;100;138,64;5145;3,03;;0;-136,5;100;96,5;3581,2;1,82
0;-135,5;100;137,93;5118,5;3,03;;0;-135,5;100;94,76;3516,6;1,83;;0;-135,5;100;143,11;5310,7;3,12;;0;-135,3;100;96,79;3592;1,81
0;-134,2;100;144,17;5350;3,14;;0;-134,2;100;96,11;3566,7;1,85;;0;-134,3;100;145,77;5409,6;3,18;;0;-134,1;100;96,76;3590,8;1,85
0;-133,1;100;145,15;5386,5;3,17;;0;-133;100;99,18;3680,7;1,91;;0;-133,1;100;144,41;5358,9;3,16;;0;-132,9;100;103,64;3846;1,97
0;-131,8;100;148,72;5518,8;3,25;;0;-131,8;100;102,9;3818,6;1,97;;0;-131,9;100;147,64;5479;3,23;;0;-131,7;100;102,07;3787,8;1,98
0;-130,7;100;155,55;5772,4;3,39;;0;-130,6;100;102,85;3816,9;1,97;;0;-130,7;100;153,8;5707,5;3,35;;0;-130,5;100;103,95;3857,4;2,01
0;-129,4;100;153,93;5712,3;3,38;;0;-129,4;100;108,77;4036,5;2,06;;0;-129,4;100;157,3;5837,5;3,43;;0;-129,2;100;105,35;3909,7;2,02
0;-128,1;100;161,06;5977;3,52;;0;-128,2;100;106,05;3935,5;2,07;;0;-128,2;100;157,75;5854;3,45;;0;-128,1;100;109,03;4046,1;2,07
0;-127;100;165,55;6143,5;3,61;;0;-127;100;106,4;3948,5;2,1;;0;-127;100;162,98;6048,1;3,56;;0;-126,9;100;111,86;4151,2;2,1
0;-125,7;100;166,16;6166,1;3,63;;0;-125,8;100;110,09;4085,5;2,15;;0;-125,8;100;165,57;6144,1;3,61;;0;-125,6;100;113,28;4203,9;2,13
0;-124,6;100;169,23;6280,2;3,7;;0;-124,6;100;115,11;4271,6;2,22;;0;-124,6;100;167,51;6216,3;3,66;;0;-124,5;100;117,5;4360,5;2,23
0;-123,3;100;173,99;6456,7;3,79;;0;-123,4;100;122,83;4558,3;2,31;;0;-123,4;100;168,95;6269,8;3,71;;0;-123,2;100;119,31;4427,6;2,3
0;-122,2;100;172,4;6397,7;3,79;;0;-122,2;100;115,39;4282,1;2,2;;0;-122,2;100;176,58;6552,7;3,84;;0;-122,1;100;123,05;4566,4;2,37
0;-121;100;181,1;6720,5;3,95;;0;-120,9;100;121,88;4523;2,31;;0;-121;100;177,53;6588,2;3,89;;0;-120,9;100;122,88;4560,1;2,37
0;-119,7;100;182,06;6756,2;4,01;;0;-119,7;100;129,09;4790,3;2,47;;0;-119,8;100;186,64;6926;4,06;;0;-119,6;100;127,48;4730,9;2,45
0;-118,5;100;192,49;7143,1;4,2;;0;-118,6;100;122,57;4548,7;2,41;;0;-118,6;100;190,51;7069,9;4,15;;0;-118,4;100;135,96;5045,4;2,57
0;-117,3;100;195;7236,4;4,26;;0;-117,3;100;130,52;4843,7;2,52;;0;-117,4;100;191,73;7115;4,2;;0;-117,2;100;134,5;4991,1;2,55
0;-116,1;100;194,87;7231,7;4,28;;0;-116,1;100;130,7;4850,2;2,54;;0;-116,1;100;199,41;7399,9;4,35;;0;-116;100;140,9;5229;2,62
0;-114,9;100;204,41;7585,6;4,46;;0;-114,9;100;138,63;5144,5;2,64;;0;-114,8;100;203,43;7549,2;4,44;;0;-114,8;100;138,26;5130,7;2,65
0;-113,7;100;208,8;7748,4;4,58;;0;-113,7;100;145,07;5383,7;2,74;;0;-113,8;100;208,42;7734,4;4,55;;0;-113,6;100;147,22;5463,2;2,81
0;-112,5;100;218,01;8090,1;4,74;;0;-112,5;100;151,84;5634,8;2,86;;0;-112,5;100;214,27;7951,5;4,67;;0;-112,4;100;144,64;5367,4;2,79
0;-111,3;100;216,98;8052,1;4,75;;0;-111,3;100;148,92;5526,6;2,86;;0;-111,3;100;219,34;8139,7;4,79;;0;-111,2;100;150,53;5586;2,88
0;-110,1;100;224,29;8323,4;4,89;;0;-110,1;100;150,35;5579,7;2,92;;0;-110,1;100;226,51;8405,7;4,93;;0;-110;100;153,75;5705,8;2,97
0;-108,9;100;228,7;8487;5,01;;0;-108,8;100;161,82;6005,2;3,1;;0;-108,9;100;229,66;8522,5;5,02;;0;-108,8;100;162,9;6045,2;3,1
0;-107,7;100;235,65;8744,8;5,15;;0;-107,6;100;163,8;6078,5;3,15;;0;-107,6;100;236,87;8790,3;5,17;;0;-107,5;100;168,27;6244,6;3,17
0;-106,5;100;242;8980,5;5,28;;0;-106,4;100;168,43;6250,5;3,24;;0;-106,5;100;240,79;8935,8;5,27;;0;-106,3;100;171,36;6359,1;3,23
0;-105,2;100;243,89;9050,8;5,35;;0;-105,2;100;176,19;6538,3;3,34;;0;-105,3;100;252,34;9364,3;5,51;;0;-105,1;100;174,85;6488,7;3,34
0;-104;100;255,95;9498,2;5,58;;0;-104;100;186,4;6917,3;3,48;;0;-104;100;259,54;9631,4;5,66;;0;-103,8;100;179,65;6666,6;3,47
0;-102,8;100;261,63;9709;5,73;;0;-102,8;100;185,39;6879,7;3,54;;0;-102,8;100;263,92;9794;5,78;;0;-102,7;100;187,26;6949,4;3,62
0;-101,6;100;274,27;10178,2;5,99;;0;-101,6;100;189,15;7019,4;3,67;;0;-101,6;100;274,25;10177,6;5,99;;0;-101,5;100;197,18;7317,5;3,77
0;-100,4;100;281,46;10444,8;6,15;;0;-100,5;100;197,12;7315,1;3,82;;0;-100,4;100;280,6;10413,2;6,13;;0;-100,3;100;201,83;7489,8;3,87
0;-99,2;100;290,76;10790,2;6,35;;0;-99,1;100;206,34;7657,2;3,98;;0;-99,2;100;288,12;10691,9;6,3;;0;-99;100;211,97;7866,2;4,01
0;-98;100;298,2;11066,1;6,53;;0;-98;100;213,95;7939,7;4,09;;0;-98;100;295,02;10948,1;6,44;;0;-97,8;100;215;7978,7;4,06
0;-96,8;100;306,14;11361;6,69;;0;-96,8;100;225,8;8379,3;4,29;;0;-96,9;100;306,25;11364,9;6,69;;0;-96,6;100;226,46;8404;4,26
0;-95,6;100;316,31;11738,3;6,91;;0;-95,5;100;233,82;8677,2;4,41;;0;-95,6;100;317,11;11768;6,93;;0;-95,5;100;230,63;8558,5;4,43
0;-94,4;100;328,46;12189,1;7,17;;0;-94,4;100;246,02;9130;4,62;;0;-94,4;100;320,92;11909,2;7,03;;0;-94,3;100;242,88;9013,3;4,69
0;-93,1;100;335,14;12436,9;7,34;;0;-93,1;100;250,54;9297,3;4,82;;0;-93,2;100;334,55;12415,1;7,3;;0;-93;100;254,22;9434,1;4,88
0;-92;100;344,82;12796,2;7,56;;0;-91,9;100;263,44;9776,2;5,06;;0;-92;100;347,42;12892,8;7,57;;0;-91,8;100;263,67;9784,7;5,06
0;-90,8;100;358,92;13319,5;7,83;;0;-90,7;100;273,08;10134,1;5,25;;0;-90,7;100;358,26;13295;7,86;;0;-90,6;100;279,46;10370,6;5,31
0;-89,6;100;367,85;13650,7;8,04;;0;-89,5;100;287,31;10662,1;5,51;;0;-89,6;100;375,22;13924,3;8,2;;0;-89,4;100;292,63;10859,3;5,56
0;-88,4;100;380,37;14115,6;8,33;;0;-88,3;100;301,2;11177,3;5,78;;0;-88,4;100;385,11;14291,2;8,44;;0;-88,2;100;309,78;11496;5,81
0;-87,1;100;397,05;14734,5;8,68;;0;-87,1;100;316,69;11752,4;6,05;;0;-87,2;100;399,13;14811,6;8,73;;0;-87;100;327,47;12152,2;6,22
0;-86;100;408,63;15164,2;8,94;;0;-85,9;100;339,65;12604,4;6,39;;0;-85,9;100;416,02;15438,4;9,09;;0;-85,7;100;334,24;12403,6;6,48
0;-84,7;100;423,66;15722;9,26;;0;-84,6;100;357,93;13282,7;6,84;;0;-84,7;100;428,13;15887,8;9,34;;0;-84,5;100;356,64;13234,7;6,87
0;-83,5;100;438,87;16286,6;9,61;;0;-83,5;100;377,24;13999,5;7,29;;0;-83,5;100;439,99;16328,1;9,64;;0;-83,3;100;380,55;14122,3;7,3
0;-82,3;100;457,61;16982;10,03;;0;-82,2;100;400,73;14870,9;7,73;;0;-82,3;100;456,06;16924,3;9,99;;0;-82,1;100;405,72;15056,2;7,79
0;-81,1;100;482,5;17905,5;10,53;;0;-81;100;424,07;15737,3;8,23;;0;-81,1;100;481,53;17869,4;10,49;;0;-80,9;100;446,56;16572;8,46
0;-79,9;100;498,88;18513,4;10,91;;0;-79,8;100;460,95;17105,8;8,91;;0;-79,9;100;497;18443,8;10,87;;0;-79,7;100;483,76;17952,2;9,06
0;-78,7;100;516,08;19151,5;11,31;;0;-78,6;100;501,95;18627,3;9,61;;0;-78,7;100;521,48;19352,2;11,37;;0;-78,4;100;523,29;19419,2;9,82
0;-77,5;100;545,99;20261,6;11,94;;0;-77,3;100;555,31;20607,6;10,53;;0;-77,5;100;548,57;20357,5;11,95;;0;-77,2;100;573,66;21288,3;10,8
0;-76,3;100;567,08;21044,3;12,45;;0;-76,3;100;611,06;22676,3;11,66;;0;-76,3;100;569,95;21150,9;12,51;;0;-76;100;627,01;23268,4;11,94
0;-75,1;100;598,5;22210,4;13,13;;0;-75;100;665,2;24685,3;12,99;;0;-75;100;612,62;22734,2;13,39;;0;-74,8;100;694,19;25761,3;13,4
0;-73,9;100;641,86;23819,4;14,08;;0;-73,7;100;751,03;27870,5;14,65;;0;-73,9;100;649,39;24098,7;14,22;;0;-73,6;100;788,4;29257,4;15,29
0;-72,7;100;699,99;25976,5;15,34;;0;-72,6;100;869,04;32250,1;16,86;;0;-72,7;100;715,81;26563,5;15,68;;0;-72,4;100;912,13;33849,2;17,54
0;-71,5;100;793,21;29436;17,43;;0;-71,3;100;1038;38520;20;;0;-71,4;100;809,25;30031,3;17,81;;0;-71,2;100;1092,39;40538,5;20,9
0;-70,3;100;940,38;34897,4;20,88;;0;-70,2;100;1261,19;46802,5;24,31;;0;-70,2;100;976,29;36229,9;21,63;;0;-70;100;1355,2;50291,4;25,74
0;-69;100;1232,27;45729,2;27,41;;0;-68,9;100;1656,73;61481,1;31,46;;0;-69;100;1304,54;48411,5;28,84;;0;-68,8;100;1754,82;65121,2;33,24
0;-67,8;100;1705,31;63283,8;37,41;;0;-67,7;100;2159,82;80150,5;40,59;;0;-67,8;100;1789,43;66405,5;39,16;;0;-67,6;100;2241,98;83199,8;42,79
0;-66,6;100;2241,86;83195,4;49,27;;0;-66,5;100;2692,83;99930,6;51,57;;0;-66,6;100;2347,18;87103,5;51,47;;0;-66,4;100;2808,54;104224,8;53,95
0;-65,5;100;2833,02;105133,3;61,69;;0;-65,3;100;3259,23;120949,8;62,87;;0;-65,4;100;2924,2;108516,9;63,91;;0;-65,2;100;3392,25;125886,1;64,95
0;-64,2;100;3403,02;126285,7;73,97;;0;-64,1;100;3774,19;140059,8;72,97;;0;-64,2;100;3468,26;128706,8;75,51;;0;-64;100;3864,79;143422,2;74,86
0;-62,9;100;3835,77;142345,1;83,36;;0;-62,9;100;4227,17;156870,1;80,86;;0;-63;100;3878,7;143938,3;84,32;;0;-62,7;100;4299,73;159562,5;82,4
0;-61,7;100;4075,78;151251,7;88,83;;0;-61,7;100;4517,2;167632,9;85,98;;0;-61,7;100;4104,37;152312,8;89,56;;0;-61,5;100;4588,3;170271,6;86,75
0;-60,6;100;4204,87;156042,2;91,94;;0;-60,5;100;4726,07;175384;89,3;;0;-60,5;100;4223,82;156745,6;92,23;;0;-60,4;100;4808,59;178446,2;89,9
0;-59,4;100;4289,92;159198,6;93,69;;0;-59,3;100;4869,27;180698,3;91,87;;0;-59,4;100;4282,09;158907,9;93,54;;0;-59,1;100;4924,6;182751,6;92,17
0;-58,1;100;4332,08;160763;94,82;;0;-58,1;100;5003,52;185680,1;93,44;;0;-58,2;100;4349,05;161393;94,81;;0;-57,9;100;4948,5;183638,5;94
0;-56,9;100;4378,94;162502,1;95,7;;0;-56,9;100;4971,05;184475,2;94,89;;0;-56,9;100;4372,28;162254,8;95,65;;0;-56,7;100;4963,49;184194,5;95,1
0;-55,8;100;4404,51;163451,1;96,22;;0;-55,6;100;4964,34;184226,1;96,08;;0;-55,7;100;4408,09;163583,8;96,29;;0;-55,5;100;5017,84;186211,6;96,36
0;-54,5;100;4410;163654,6;96,75;;0;-54,4;100;5026,96;186550,1;96,91;;0;-54,5;100;4433,18;164514,9;96,83;;0;-54,3;100;5045,27;187229,7;97,33
0;-53,3;100;4443,13;164884;97,03;;0;-53,2;100;5066,42;188014,2;97,83;;0;-53,3;100;4436,19;164626,8;97,11;;0;-53,1;100;5105,05;189448,1;98,02
0;-52,1;100;4449,98;165138,5;97,37;;0;-52,1;100;5154,86;191296,3;98,3;;0;-52,1;100;4467,1;165773,7;97,57;;0;-51,9;100;5173,76;191997,9;98,43
0;-50,9;100;4477,91;166174,9;97,69;;0;-50,9;100;5228,91;194044,4;98,88;;0;-50,9;100;4476,36;166117,4;97,8;;0;-50,7;100;5251,76;194892,4;98,65
0;-49,7;100;4487,39;166526,7;97,99;;0;-49,6;100;5245,01;194641,7;99,27;;0;-49,7;100;4492,11;166701,8;98,21;;0;-49,5;100;5236,27;194317,5;99,28
0;-48,5;100;4500,88;167027,2;98,32;;0;-48,4;100;5271,09;195609,8;99,72;;0;-48,5;100;4493,22;166742,9;98,21;;0;-48,2;100;5181,21;192274,4;99,72
0;-47,3;100;4510,01;167366;98,35;;0;-47,2;100;5200,16;192977,6;99,88;;0;-47,3;100;4506,96;167253;98,5;;0;-47;100;5130,31;190385,4;100,11
0;-46,1;100;4506,06;167219,3;98,51;;0;-46;100;5228,88;194043,3;100,29;;0;-46;100;4506,83;167247,9;98,47;;0;-45,8;100;5218,39;193654,1;100,18
0;-44,9;100;4524,07;167887,8;98,78;;0;-44,8;100;5187,14;192494,3;100,1;;0;-44,9;100;4522,78;167840,1;98,83;;0;-44,6;100;5225,38;193913,3;100,33
0;-43,7;100;4525,17;167928,7;98,87;;0;-43,6;100;5196,25;192832,2;100,72;;0;-43,7;100;4532,44;168198,3;99,05;;0;-43,4;100;5268,14;195500,2;100,64
0;-42,4;100;4529,32;168082,6;99,09;;0;-42,4;100;5282,57;196035,6;100,86;;0;-42,4;100;4533,27;168229,1;99,23;;0;-42,2;100;5342,17;198247,5;100,8
0;-41,2;100;4527,17;168002,8;99,03;;0;-41,2;100;5361,29;198957,2;100,91;;0;-41,2;100;4548,3;168787;99,19;;0;-41;100;5418,35;201074,3;100,93
0;-40;100;4553,61;168984;99,31;;0;-40;100;5359,74;198899,3;100,94;;0;-40;100;4544,85;168659,1;99,34;;0;-39,8;100;5404,19;200548,9;101,31
0;-38,8;100;4543,05;168592,2;99,17;;0;-38,7;100;5320,62;197447,8;101,26;;0;-38,8;100;4551,75;168915,1;99,49;;0;-38,6;100;5341,69;198229,5;101,18
0;-37,6;100;4552,73;168951,4;99,55;;0;-37,6;100;5272,94;195678,4;101,44;;0;-37,6;100;4543,12;168594,6;99,52;;0;-37,4;100;5267,59;195479,9;100,77
0;-36,5;100;4550,77;168878,7;99,43;;0;-36,3;100;5264,74;195373,9;101,29;;0;-36,4;100;4553,5;168980,1;99,55;;0;-36,2;100;5280,21;195948;101,1
0;-35,2;100;4552,55;168944,7;99,56;;0;-35,1;100;5235,61;194293,2;101,02;;0;-35,1;100;4563,23;169341;99,78;;0;-35;100;5253,74;194965,7;101,24
0;-34;100;4569,36;169568,4;99,83;;0;-33,9;100;5286,76;196191,1;101,52;;0;-34;100;4567,55;169501,3;99,93;;0;-33,7;100;5298,93;196642,8;100,8
0;-32,8;100;4574,58;169762,3;99,94;;0;-32,7;100;5327,55;197704,7;101,3;;0;-32,7;100;4566,31;169455,5;100,01;;0;-32,6;100;5367,77;199197,3;101,01
0;-31,6;100;4579,07;169929;100,01;;0;-31,5;100;5351,95;198610,5;101,22;;0;-31,5;100;4575,9;169811,2;100,18;;0;-31,3;100;5405,04;200580,4;101,19
0;-30,4;100;4574,71;169767;100,14;;0;-30,3;100;5315,36;197252,4;101,18;;0;-30,3;100;4590,44;170350,7;100,26;;0;-30,1;100;5400,75;200421,2;101,21
0;-29,1;100;4593,27;170456;100,26;;0;-29,1;100;5219,75;193704,3;101,36;;0;-29,1;100;4584,78;170140,7;100,31;;0;-28,9;100;5384,24;199808,6;100,82
0;-27,9;100;4587,53;170242,7;100,31;;0;-27,9;100;5175,02;192044,7;101,32;;0;-27,9;100;4589,55;170317,6;100,44;;0;-27,7;100;5301,86;196751,4;100,72
0;-26,7;100;4582,95;170073;100,26;;0;-26,7;100;5237,12;194349;101,02;;0;-26,7;100;4595,19;170527;100,45;;0;-26,6;100;5229,38;194061,7;100,62
0;-25,5;100;4584,47;170129,2;100,34;;0;-25,5;100;5233,11;194200,4;100,84;;0;-25,5;100;4596,57;170578,5;100,56;;0;-25,3;100;5231,84;194153,3;100,59
0;-24,3;100;4599,84;170699,6;100,39;;0;-24,3;100;5273,68;195705,9;100,73;;0;-24,3;100;4598,49;170649,6;100,56;;0;-24,1;100;5260,12;195202,6;100,78
0;-23,1;100;4592,39;170423,3;100,42;;0;-23;100;5333,8;197936,7;100,75;;0;-23;100;4596,35;170570,3;100,63;;0;-22,9;100;5302,64;196780,6;100,77
0;-21,9;100;4594,41;170498,1;100,39;;0;-21,8;100;5347,36;198440,1;100,78;;0;-21,9;100;4603,09;170820,2;100,67;;0;-21,7;100;5338,18;198099,3;100,32
0;-20,7;100;4596,96;170592,8;100,44;;0;-20,6;100;5227,23;193981,9;100,74;;0;-20,7;100;4602,65;170804;100,57;;0;-20,4;100;5371,35;199330,4;100,51
0;-19,5;100;4600,47;170722,9;100,47;;0;-19,4;100;5152,98;191226,7;100,81;;0;-19,5;100;4597,24;170603,1;100,54;;0;-19,2;100;5377,88;199572,6;100,46
0;-18,3;100;4590,38;170348,4;100,29;;0;-18,2;100;5199,18;192941,2;100,49;;0;-18,2;100;4600,74;170732,9;100,64;;0;-18;100;5269,19;195539,3;100,25
0;-17,1;100;4581,91;170034,3;100,27;;0;-17;100;5239,15;194424,3;100,37;;0;-17;100;4605,43;170907,1;100,64;;0;-16,8;100;5246,2;194686;100,22
0;-15,9;100;4570,38;169606,3;100,38;;0;-15,8;100;5306,32;196917,1;100,7;;0;-15,8;100;4601,28;170753,1;100,52;;0;-15,6;100;5219,02;193677,5;100,49
0;-14,7;100;4580,79;169992,6;100,15;;0;-14,6;100;5320,84;197455,9;100,46;;0;-14,6;100;4597,55;170614,5;100,65;;0;-14,4;100;5205,25;193166,5;100,63
0;-13,5;100;4589,89;170330,3;100,45;;0;-13,4;100;5333,81;197937,1;100,1;;0;-13,4;100;4598,54;170651,5;100,66;;0;-13,2;100;5247,77;194744,4;100,23
0;-12,3;100;4594,83;170513,9;100,51;;0;-12,2;100;5311,72;197117,5;100,08;;0;-12,1;100;4584,13;170116,5;100,32;;0;-12;100;5281,17;195983,6;100,09
0;-11,1;100;4574,48;169758,6;100,05;;0;-11;100;5238,46;194398,7;100,35;;0;-11;100;4588,12;170264,7;100,16;;0;-10,7;100;5280,36;195953,7;100,19
0;-9,8;100;4577,21;169859,9;99,92;;0;-9,8;100;5212,95;193452,2;100,26;;0;-9,7;100;4599,82;170698,8;100,38;;0;-9,6;100;5343,51;198297,1;100,14
0;-8,6;100;4577,66;169876,4;99,94;;0;-8,6;100;5182,66;192327,9;100,49;;0;-8,5;100;4585,9;170182,5;100,25;;0;-8,3;100;5241,11;194497;100,05
0;-7,5;100;4595,27;170530,2;100,26;;0;-7,4;100;5219,85;193708,2;100,17;;0;-7,4;100;4587,05;170225;100,32;;0;-7,1;100;5127,63;190286;99,98
0;-6,2;100;4578,55;169909,6;100,21;;0;-6,2;100;5254,22;194983,6;100,2;;0;-6,1;100;4578,58;169910,8;100,2;;0;-5,9;100;5144,64;190917,2;99,76
0;-5,1;100;4580,48;169981;100,09;;0;-5;100;5317,5;197332,1;100,07;;0;-4,9;100;4574,36;169754,1;100,18;;0;-4,7;100;5199,85;192966;99,71
0;-3,9;100;4594,2;170490,4;100,28;;0;-3,7;100;5273,43;195696,6;100,19;;0;-3,7;100;4577,5;169870,5;100,18;;0;-3,5;100;5258,81;195154,1;100,09
0;-2,6;100;4592,04;170410,1;100,25;;0;-2,5;100;5227,62;193996,5;100,14;;0;-2,5;100;4572,59;169688,3;99,99;;0;-2,3;100;5288,2;196244,5;99,79
0;-1,4;100;4587,24;170232,1;99,95;;0;-1,3;100;5119,14;189970,8;100,1;;0;-1,3;100;4562,83;169326,4;99,83;;0;-1,1;100;5330,99;197832,6;99,96
0;-0,2;100;4567,58;169502,4;99,99;;0;-0,1;100;5124,43;190167,1;100;;0;-0,1;100;4571,25;169638,5;99,98;;0;0,2;100;5336,34;198031;100,01
0;1;100;4579,53;169946;100,04;;0;1,1;100;5175,14;192048,8;99,77;;0;1,1;100;4575,47;169795,4;99,88;;0;1,4;100;5223,42;193840,7;100,05
0;2,2;100;4576,97;169851,1;100,05;;0;2,3;100;5217,65;193626,7;99,98;;0;2,3;100;4571,09;169632,9;100,11;;0;2,6;100;5207,72;193258;99,98
0;3,5;100;4572,54;169686,5;100,05;;0;3,5;100;5291,16;196354,4;100,27;;0;3,5;100;4579,41;169941,5;100,04;;0;3,8;100;5174,23;192015,1;99,64
0;4,6;100;4577,13;169857;99,91;;0;4,8;100;5344,04;198316,7;100,19;;0;4,8;100;4576,93;169849,4;99,85;;0;5;100;5223,61;193847,8;99,72
0;5,8;100;4579,92;169960,6;100,02;;0;6;100;5362,54;199003,5;100,05;;0;5,9;100;4585,93;170183,6;100,11;;0;6,2;100;5241,57;194514,1;99,78
0;7,1;100;4575,06;169780;99,98;;0;7,2;100;5246,79;194707,9;100,3;;0;7,2;100;4583,51;170093,7;100,43;;0;7,4;100;5303,85;196825,4;100
0;8,3;100;4581,35;170013,3;100,02;;0;8,4;100;5162,54;191581,3;100,14;;0;8,4;100;4589,61;170320;100,2;;0;8,6;100;5346,84;198420,9;100,21
0;9,4;100;4592,34;170421,3;100,28;;0;9,6;100;5190,48;192618,3;100,19;;0;9,6;100;4580,22;169971,6;100,07;;0;9,8;100;5350,67;198562,7;100,27
0;10,7;100;4582,18;170044,5;100,26;;0;10,8;100;5235,99;194306,9;100,28;;0;10,8;100;4588,67;170285;100,24;;0;11;100;5270,87;195601,7;100,13
0;11,9;100;4586,75;170213,8;100,29;;0;12;100;5249,05;194791,7;100,16;;0;12;100;4579,31;169937,9;100,28;;0;12,2;100;5198,33;192909,7;100,25
0;13,1;100;4599,81;170698,6;100,34;;0;13,2;100;5272,22;195651,4;100,08;;0;13,2;100;4584,34;170124,4;100,34;;0;13,4;100;5224,74;193889,5;100,29
0;14,3;100;4589,78;170326,5;100,44;;0;14,4;100;5344,53;198335;100,12;;0;14,4;100;4587,7;170249,3;100,34;;0;14,7;100;5223,66;193849,5;99,89
0;15,4;100;4602,98;170816,3;100,64;;0;15,6;100;5388,11;199952,2;100,19;;0;15,6;100;4583,66;170099;100,57;;0;15,8;100;5250,65;194851,3;99,99
0;16,7;100;4595,59;170541,9;100,54;;0;16,9;100;5274,09;195720,9;100,47;;0;16,8;100;4592,38;170422,7;100,48;;0;17;100;5278,08;195869,2;100,31
0;17,9;100;4610,38;171091;100,5;;0;18,1;100;5202,6;193067,9;100,4;;0;18;100;4589,48;170315,3;100,47;;0;18,2;100;5301,58;196741,2;100,38
0;19,1;100;4590,57;170355,7;100,2;;0;19,3;100;5208,33;193280,6;100,17;;0;19,2;100;4602,29;170790,6;100,59;;0;19,5;100;5380,05;199653,1;100,37
0;20,3;100;4602,8;170809,4;100,47;;0;20,4;100;5239,8;194448,5;100,13;;0;20,4;100;4577,41;169867,3;100,32;;0;20,7;100;5328,59;197743,7;100,16
0;21,6;100;4591,02;170372,3;100,44;;0;21,7;100;5250,55;194847,3;100,45;;0;21,6;100;4599,38;170682,6;100,39;;0;21,9;100;5216,65;193589,4;100,11
0;22,8;100;4596,05;170559,1;100,29;;0;22,9;100;5283,82;196082,3;100,5;;0;22,8;100;4580,55;169983,9;100,19;;0;23,1;100;5207,66;193255,7;100,14
0;24;100;4582,63;170061,2;100,39;;0;24,1;100;5330,79;197825;100,49;;0;24,1;100;4580,94;169998,3;100,27;;0;24,3;100;5224,97;193898;100,27
0;25,2;100;4583,6;170097,1;100,13;;0;25,3;100;5400,17;200400;100,49;;0;25,3;100;4582,42;170053,1;100,17;;0;25,5;100;5297,4;196585,9;100,88
0;26,4;100;4572,91;169700,5;100,07;;0;26,5;100;5346,8;198419,3;100,74;;0;26,5;100;4585,6;170171,1;100,18;;0;26,7;100;5291,81;196378,6;100,66
0;27,6;100;4572,02;169667,2;99,78;;0;27,8;100;5259,94;195195,8;100,79;;0;27,8;100;4571,71;169655,8;99,96;;0;27,9;100;5340,42;198182,6;100,59
0;28,8;100;4560,4;169236,2;99,72;;0;29;100;5245,59;194663,4;101,04;;0;28,9;100;4574,37;169754,4;100,06;;0;29,1;100;5384,04;199801,2;100,59
0;30;100;4568,56;169538,8;99,78;;0;30,1;100;5266,19;195428;100,74;;0;30,1;100;4570,1;169596;100;;0;30,3;100;5448,98;202211,2;100,6
0;31,2;100;4559,4;169199;99,66;;0;31,4;100;5233,29;194206,8;100,89;;0;31,3;100;4569,25;169564,3;99,9;;0;31,5;100;5368,13;199211;100,88
0;32,4;100;4558,16;169152,9;99,4;;0;32,6;100;5320,57;197445,8;101,15;;0;32,5;100;4547,41;168754,1;99,56;;0;32,7;100;5260,04;195199,5;100,91
0;33,6;100;4547,49;168756,9;99,25;;0;33,8;100;5356,15;198766,3;101,09;;0;33,8;100;4547,47;168756,2;99,49;;0;34;100;5269,17;195538,3;100,9
0;34,8;100;4538,9;168438,2;99,36;;0;34,9;100;5429,68;201495;100,98;;0;35;100;4538,06;168407,2;99,29;;0;35,2;100;5282,14;196019,7;100,9
0;36;100;4544,52;168646,8;99,29;;0;36,2;100;5412,7;200864,8;100,96;;0;36,1;100;4522,09;167814,4;98,96;;0;36,4;100;5281,4;195992,5;100,92
0;37,2;100;4529,5;168089,3;99,07;;0;37,4;100;5293,17;196429,1;101,08;;0;37,4;100;4528,54;168053,7;98,99;;0;37,6;100;5276,06;195794;100,82
0;38,4;100;4521,53;167793,7;98,88;;0;38,6;100;5265,09;195386,9;100,95;;0;38,6;100;4521,32;167786;98,98;;0;38,8;100;5346,63;198412,9;101,09
0;39,6;100;4522,13;167815,8;98,62;;0;39,8;100;5259,01;195161,5;100,81;;0;39,8;100;4526,89;167992,7;98,92;;0;40;100;5383,21;199770,4;100,7
0;40,8;100;4516,97;167624,5;98,63;;0;41;100;5239,19;194426;100,66;;0;41;100;4512,6;167462,1;98,96;;0;41,2;100;5270,16;195575,3;100,59
0;42,1;100;4499,47;166975;98,61;;0;42,2;100;5239,85;194450,2;100,31;;0;42,2;100;4509,74;167356,1;98,86;;0;42,4;100;5169,55;191841,4;100,43
0;43,3;100;4508,18;167298;98,41;;0;43,4;100;5302,32;196768,6;100,32;;0;43,4;100;4505,16;167186,2;98,66;;0;43,6;100;5199,43;192950,5;100,39
0;44,5;100;4496,34;166858,6;98,39;;0;44,6;100;5320,48;197442,7;99,97;;0;44,6;100;4495,94;166843,9;98,13;;0;44,8;100;5213,49;193472;100
0;45,7;100;4491,26;166670,3;98,37;;0;45,8;100;5348,52;198483,2;99,92;;0;45,8;100;4479,3;166226,3;98,23;;0;46;100;5254,07;194978,2;99,79
0;46,9;100;4483,15;166369,3;98,22;;0;47;100;5226,78;193965,3;99,94;;0;47;100;4479,7;166241,1;97,9;;0;47,2;100;5235,13;194275,2;99,39
0;48,1;100;4473,35;166005,5;97,95;;0;48,3;100;5136,45;190613,1;99,53;;0;48,2;100;4470,9;165914,6;97,68;;0;48,5;100;5292,9;196418,9;99,32
0;49,3;100;4465,96;165731,3;97,69;;0;49,5;100;5141,03;190783,3;98,92;;0;49,4;100;4459,39;165487,5;97,52;;0;49,6;100;5322,49;197517;98,8
0;50,5;100;4453,74;165277,9;97,42;;0;50,7;100;5105,71;189472,3;98,26;;0;50,7;100;4441,74;164832,7;97,21;;0;50,9;100;5225,45;193916,1;98,46
0;51,7;100;4435,99;164619,2;97,09;;0;51,9;100;5150,72;191142,6;97,85;;0;51,8;100;4430,4;164411,7;96,85;;0;52;100;5109,49;189612,9;97,79
0;52,9;100;4425,15;164216,8;96,58;;0;53,1;100;5109,23;189603;97,26;;0;53;100;4404,77;163460,8;96,35;;0;53,3;100;5049,93;187402,5;96,84
0;54,2;100;4392,36;163000,1;95,84;;0;54,3;100;5144,51;190912,3;96,54;;0;54,3;100;4393,21;163031,5;96,16;;0;54,5;100;5007,18;185816;95,9
0;55,3;100;4368,17;162102,5;95,48;;0;55,5;100;5124,31;190162,6;95,47;;0;55,5;100;4361,04;161837,8;95,39;;0;55,7;100;5005,01;185735,4;95,08
0;56,5;100;4353,93;161573,9;95,04;;0;56,7;100;4962,47;184156,7;94,25;;0;56,7;100;4324,21;160470,9;94,73;;0;56,9;100;4952,39;183782,7;93,91
0;57,7;100;4296;159424,1;93,96;;0;57,9;100;4842,65;179710,4;92,66;;0;57,9;100;4290,72;159228,2;93,51;;0;58;100;4903,4;181964,7;92,21
0;59;100;4251,44;157770,5;92,93;;0;59,1;100;4738,86;175858,7;90,77;;0;59,1;100;4227,86;156895,5;92,38;;0;59,2;100;4804,45;178292,8;90
0;60,2;100;4172,52;154841,9;90,89;;0;60,3;100;4571,36;169642,6;87,63;;0;60,3;100;4142,31;153720,6;90,34;;0;60,5;100;4678,24;173608,9;86,99
0;61,4;100;4006,63;148685,7;87,44;;0;61,5;100;4352,95;161537,7;83,37;;0;61,5;100;3959,67;146943,2;86,24;;0;61,7;100;4368,55;162116,6;82,37
0;62,6;100;3727,75;138336,6;81,08;;0;62,7;100;4066,93;150923,5;77,05;;0;62,8;100;3622,13;134416,8;78,95;;0;62,9;100;3903,08;144842,8;74,98
0;63,8;100;3283,63;121855,1;71,5;;0;63,9;100;3631,98;134782,5;68,52;;0;64;100;3148,7;116847,8;68,69;;0;64,1;100;3435,98;127508,9;65,74
0;65;100;2753,55;102184,1;60,13;;0;65,1;100;3112,78;115515;58,29;;0;65,2;100;2610,03;96857,9;56,99;;0;65,3;100;2904,5;107785,6;55,32
0;66,2;100;2168,62;80477,4;47,54;;0;66,3;100;2504,48;92941,1;46,96;;0;66,4;100;2063,51;76576,6;45,2;;0;66,6;100;2317,56;86004,3;44,2
0;67,5;100;1635,09;60678;35,9;;0;67,5;100;1918,41;71192;36,71;;0;67,6;100;1538,83;57105,9;33,92;;0;67,8;100;1801,62;66858,1;34,39
0;68,6;100;1193,6;44294,3;26,5;;0;68,7;100;1459,97;54179,4;28,38;;0;68,8;100;1115,39;41392;24,68;;0;69;100;1400,86;51985,7;26,46
0;69,9;100;922,14;34220,5;20,47;;0;70;100;1160,98;43083,9;22,54;;0;70;100;876,32;32520;19,35;;0;70,1;100;1138,64;42254,9;21,36
0;71,1;100;784,09;29097,5;17,23;;0;71,1;100;977,37;36270,2;18,75;;0;71,2;100;754,33;27993;16,62;;0;71,4;100;949,93;35251,8;17,82
0;72,2;100;700,12;25981,4;15,32;;0;72,4;100;838,26;31107,9;15,99;;0;72,4;100;679,57;25218,8;14,89;;0;72,5;100;811,12;30100,5;15,43
0;73,5;100;640,76;23778,6;14,03;;0;73,6;100;733,83;27232,4;13,95;;0;73,6;100;626,2;23238,4;13,72;;0;73,8;100;703,47;26105,5;13,53
0;74,7;100;596,43;22133,3;13,07;;0;74,7;100;663,04;24605,4;12,43;;0;74,8;100;586,27;21756,4;12,83;;0;75;100;632,64;23477,4;12,11
0;75,9;100;565,6;20989,4;12,4;;0;76;100;596,77;22145,9;11,2;;0;76;100;560,22;20789,6;12,23;;0;76,2;100;562,97;20891,7;10,92
0;77;100;539,62;20025,3;11,84;;0;77,2;100;537,14;19933;10,24;;0;77,3;100;529,69;19656,8;11,62;;0;77,5;100;523,08;19411,5;9,97
0;78,3;100;522,14;19376,7;11,39;;0;78,4;100;489,11;18150,7;9,38;;0;78,5;100;510,76;18954,3;11,16;;0;78,6;100;486,14;18040,5;9,18
0;79,5;100;499,01;18518,2;10,88;;0;79,6;100;449,41;16677,6;8,64;;0;79,7;100;488,66;18134,1;10,72;;0;79,8;100;456,3;16933,2;8,51
0;80,7;100;473,98;17589,5;10,34;;0;80,8;100;419,31;15560,5;8,06;;0;80,9;100;470,01;17442,1;10,28;;0;81;100;419,59;15571,1;7,86
0;81,9;100;458,53;17016,2;10,01;;0;82;100;395,29;14669,3;7,56;;0;82,2;100;451,5;16755,1;9,86;;0;82,3;100;390,52;14492,2;7,3
0;83,1;100;438,72;16280,8;9,59;;0;83,2;100;369,14;13698,8;7;;0;83,3;100;438,8;16283,6;9,58;;0;83,5;100;366,93;13616,6;6,95
0;84,3;100;424,24;15743,6;9,27;;0;84,4;100;359,1;13326,2;6,72;;0;84,5;100;420,39;15600,5;9,21;;0;84,7;100;340,5;12635,8;6,52
0;85,5;100;409,58;15199,3;8,97;;0;85,6;100;336,1;12472,5;6,32;;0;85,8;100;405,29;15040,5;8,85;;0;85,8;100;327,3;12146;6,25
0;86,7;100;396,77;14724,3;8,65;;0;86,9;100;315,9;11723;5,95;;0;86,9;100;385,02;14288,2;8,46;;0;87,1;100;309,98;11503,5;5,93
0;87,9;100;378,42;14043;8,31;;0;88,1;100;296,92;11018,6;5,69;;0;88,1;100;375,36;13929,7;8,22;;0;88,2;100;296,48;11002,2;5,64
0;89,1;100;375,35;13929,1;8,17;;0;89,2;100;282,21;10472,9;5,44;;0;89,4;100;364,49;13526,1;7,98;;0;89,5;100;283,21;10509,8;5,34
0;90,3;100;358,98;13321,7;7,86;;0;90,5;100;263,72;9786,8;5,08;;0;90,6;100;356,39;13225,6;7,78;;0;90,8;100;268,04;9947;5,05
0;91,5;100;348,03;12915,4;7,62;;0;91,7;100;258,36;9587,6;4,94;;0;91,9;100;337,74;12533,5;7,4;;0;91,8;100;261,16;9691,8;4,89
0;92,7;100;335,64;12455,6;7,35;;0;92,9;100;246,81;9159;4,71;;0;93;100;326,62;12120,8;7,16;;0;93,1;100;252,53;9371,3;4,71
0;94;100;325,86;12092,5;7,14;;0;94,1;100;245,36;9105,2;4,6;;0;94,2;100;323,03;11987,5;7,05;;0;94,3;100;235,87;8753,2;4,48
0;95,1;100;317,15;11769,3;6,93;;0;95,3;100;233,4;8661,4;4,37;;0;95,4;100;312,01;11578,5;6,82;;0;95,5;100;227,41;8439,1;4,35
0;96,3;100;305,47;11335,9;6,68;;0;96,5;100;225,89;8382,9;4,22;;0;96,6;100;302,43;11223,2;6,61;;0;96,7;100;219,62;8150;4,2
0;97,5;100;294,3;10921,5;6,44;;0;97,7;100;219,02;8127,8;4,1;;0;97,8;100;291,61;10821,6;6,39;;0;97,9;100;208,85;7750,5;4,03
0;98,7;100;286,82;10643,9;6,26;;0;98,9;100;203,9;7566,6;3,88;;0;99;100;283,05;10504,1;6,2;;0;99,1;100;204,16;7576,5;3,89
0;99,9;100;280,54;10410,8;6,12;;0;100,1;100;196,5;7292,1;3,78;;0;100,1;100;274,82;10198,5;6;;0;100,3;100;198,55;7368;3,75
0;101,2;100;270,24;10028,8;5,9;;0;101,3;100;190,91;7084,5;3,68;;0;101,4;100;265,78;9863,1;5,82;;0;101,5;100;189,34;7026,3;3,58
0;102,4;100;261,76;9713,8;5,74;;0;102,6;100;185,12;6869,7;3,54;;0;102,6;100;261,5;9704,1;5,71;;0;102,7;100;182,86;6785,9;3,43
0;103,6;100;258,37;9587,9;5,63;;0;103,7;100;180,65;6704;3,44;;0;103,8;100;251,54;9334,7;5,51;;0;103,9;100;175,79;6523,7;3,3
0;104,8;100;242,72;9007,3;5,34;;0;105;100;176,4;6546,2;3,33;;0;105;100;244,5;9073,3;5,36;;0;105,1;100;169,84;6302,8;3,25
0;106;100;242,67;9005,3;5,28;;0;106,1;100;170,21;6316,5;3,19;;0;106,2;100;239,52;8888,7;5,23;;0;106,4;100;169,09;6275;3,24
0;107,3;100;233,71;8673,1;5,12;;0;107,4;100;163,3;6060,2;3,07;;0;107,4;100;230,79;8564,7;5,06;;0;107,5;100;155,18;5758,7;3,02
0;108,4;100;229,6;8520,5;5,01;;0;108,6;100;158,56;5884,3;3;;0;108,7;100;229,75;8526,2;5,01;;0;108,8;100;157,26;5836;2,98
0;109,6;100;223,59;8297,6;4,89;;0;109,8;100;151,86;5635,4;2,9;;0;109,8;100;222,83;8269,2;4,87;;0;110;100;151,58;5625,1;2,87
0;110,8;100;219,67;8151,8;4,8;;0;111;100;144,18;5350,6;2,78;;0;111,1;100;217,92;8086,9;4,76;;0;111,1;100;150,16;5572,4;2,83
0;112;100;212,21;7875,1;4,63;;0;112,2;100;140,5;5214,1;2,7;;0;112,3;100;212,13;7872,3;4,64;;0;112,3;100;146,41;5433,2;2,74
0;113,2;100;200,11;7426,1;4,41;;0;113,4;100;139,42;5173,9;2,66;;0;113,5;100;208,99;7755,5;4,57;;0;113,6;100;143,84;5337,8;2,67
0;114,4;100;205,64;7631,2;4,47;;0;114,6;100;139,47;5175,8;2,65;;0;114,7;100;203,68;7558,5;4,45;;0;114,8;100;135,86;5041,6;2,57
0;115,6;100;197,7;7336,4;4,32;;0;115,9;100;138,37;5134,8;2,61;;0;115,9;100;196,57;7294,8;4,31;;0;116;100;133,52;4955;2,55
0;116,8;100;191,9;7121,3;4,2;;0;117,1;100;132,8;4928;2,51;;0;117,1;100;189,27;7023,7;4,15;;0;117,2;100;126,22;4683,9;2,45
0;118,1;100;189,68;7038,9;4,13;;0;118,2;100;130,71;4850,6;2,5;;0;118,3;100;186,25;6911,8;4,08;;0;118,4;100;125,6;4661;2,4
0;119,3;100;185,34;6877,9;4,04;;0;119,4;100;126,02;4676,7;2,42;;0;119,5;100;185,25;6874,5;4,04;;0;119,7;100;125,02;4639,7;2,36
0;120,5;100;178,85;6637;3,9;;0;120,7;100;117,7;4367,7;2,3;;0;120,7;100;178,95;6640,9;3,92;;0;120,9;100;121,29;4501,2;2,3
0;121,7;100;171,92;6379,9;3,77;;0;121,9;100;118,67;4404;2,29;;0;121,9;100;174,56;6478;3,82;;0;122;100;123,58;4586;2,3
0;122,9;100;172,65;6407,2;3,76;;0;123,1;100;116,51;4323,6;2,23;;0;123,2;100;174,7;6483;3,8;;0;123,3;100;117,84;4373;2,21
0;124,1;100;165,62;6146,3;3,63;;0;124,3;100;111,49;4137,3;2,13;;0;124,3;100;167,4;6212;3,67;;0;124,5;100;119,35;4429;2,2
0;125,3;100;162,53;6031,4;3,56;;0;125,5;100;112,32;4168,4;2,13;;0;125,6;100;166,35;6173,1;3,63;;0;125,7;100;111,36;4132,5;2,11
0;126,5;100;162,43;6027,7;3,55;;0;126,7;100;112,28;4166,8;2,12;;0;126,8;100;160,36;5950,9;3,52;;0;126,9;100;106,6;3955,8;2,03
0;127,7;100;162,36;6025;3,52;;0;127,9;100;108,03;4008,9;2,07;;0;128;100;159,9;5933,8;3,48;;0;128,1;100;100,62;3733,8;1,95
0;128,9;100;152,49;5659,1;3,35;;0;129,1;100;103,03;3823,3;1,98;;0;129,2;100;149,85;5561;3,3;;0;129,3;100;104,69;3885;1,99
0;130,2;100;153,6;5700,1;3,35;;0;130,3;100;98,21;3644,4;1,91;;0;130,4;100;150,18;5573,1;3,28;;0;130,5;100;101,93;3782,5;1,95
0;131,3;100;151,26;5613,1;3,29;;0;131,5;100;98,36;3650,1;1,89;;0;131,6;100;149,17;5535,8;3,26;;0;131,8;100;98,66;3661,3;1,88
0;132,6;100;143,26;5316,5;3,15;;0;132,7;100;94,41;3503,4;1,84;;0;132,8;100;149,48;5547,2;3,25;;0;133;100;103,37;3836,1;1,93
0;133,8;100;144,24;5352,8;3,13;;0;133,9;100;103,93;3856,9;1,95;;0;134;100;142,81;5299,8;3,13;;0;134,1;100;95,41;3540,5;1,81
0;135;100;137,58;5105,5;3,02;;0;135,1;100;96,18;3569,3;1,83;;0;135,3;100;141,71;5258,9;3,1;;0;135,3;100;100,3;3722,2;1,88
0;136,2;100;139,28;5168,6;3,05;;0;136,3;100;94,44;3504,8;1,82;;0;136,4;100;140;5195,4;3,06;;0;136,6;100;99,94;3708,9;1,89
0;137,5;100;139,24;5167,2;3,04;;0;137,5;100;90,34;3352,6;1,77;;0;137,6;100;137,08;5087,1;3;;0;137,8;100;93,73;3478,2;1,81
0;138,6;100;135,74;5037,3;2,96;;0;138,7;100;91,94;3411,9;1,78;;0;138,8;100;134,9;5006;2,95;;0;138,9;100;92,18;3420,8;1,76
0;139,8;100;131,54;4881,4;2,89;;0;140;100;93,59;3473;1,8;;0;140,1;100;133,87;4967,8;2,92;;0;140,2;100;90,34;3352,7;1,73
0;141,1;100;132,04;4900,2;2,88;;0;141,1;100;87,57;3249,6;1,69;;0;141,3;100;132,99;4935,3;2,9;;0;141,4;100;88,62;3288,7;1,69
0;142,2;100;128,08;4753;2,81;;0;142,3;100;87,98;3265;1,68;;0;142,4;100;129,28;4797,5;2,83;;0;142,6;100;86,67;3216,4;1,63
0;143,5;100;132,11;4902,5;2,85;;0;143,5;100;87,69;3254,2;1,69;;0;143,6;100;125,48;4656,5;2,75;;0;143,8;100;85,99;3191,2;1,61
0;144,7;100;118,95;4414,1;2,63;;0;144,7;100;87,52;3248;1,69;;0;144,9;100;125,54;4658,9;2,74;;0;144,9;100;86,17;3197,6;1,6
0;145,8;100;120,52;4472,3;2,65;;0;146;100;85,04;3155,8;1,66;;0;146,1;100;123,84;4595,8;2,71;;0;146,2;100;83,75;3108;1,56
0;147;100;127,12;4717,6;2,76;;0;147,2;100;87,22;3236,9;1,68;;0;147,3;100;121,76;4518,7;2,66;;0;147,4;100;86,15;3197,1;1,61
0;148,3;100;120,52;4472,4;2,65;;0;148,4;100;79,21;2939,3;1,56;;0;148,5;100;115,97;4303,6;2,56;;0;148,6;100;80,15;2974,2;1,54
0;149,5;100;119,41;4431,2;2,6;;0;149,6;100;86,17;3197,8;1,62;;0;149,7;100;119,69;4441,6;2,6;;0;149,8;100;81,22;3014,1;1,53
0;150,7;100;116,03;4305,8;2,55;;0;150,8;100;82,15;3048,7;1,56;;0;150,9;100;115,56;4288,3;2,54;;0;151;100;71,32;2646,6;1,39
0;151,9;100;121,12;4494,8;2,62;;0;152;100;80,11;2972,7;1,54;;0;152,1;100;117,85;4373,4;2,56;;0;152,2;100;76,66;2844,8;1,46
0;153,1;100;110,82;4112,6;2,44;;0;153,2;100;78,56;2915,5;1,52;;0;153,3;100;113,12;4197,8;2,49;;0;153,4;100;77;2857,6;1,45
0;154,3;100;112,76;4184,4;2,45;;0;154,5;100;79,76;2960;1,53;;0;154,5;100;114,6;4252,6;2,5;;0;154,6;100;75,99;2819,9;1,42
0;155,5;100;108,54;4028;2,38;;0;155,7;100;79,55;2952,3;1,53;;0;155,7;100;111,84;4150,5;2,44;;0;155,8;100;75,7;2809,1;1,42
0;156,7;100;110,99;4118,9;2,42;;0;156,8;100;75,04;2784,7;1,45;;0;156,9;100;106,12;3938,1;2,33;;0;157;100;76,64;2844,2;1,42
0;157,9;100;110,7;4108,1;2,4;;0;158;100;76,1;2824;1,46;;0;158,2;100;105,12;3900,8;2,31;;0;158,2;100;74,09;2749,4;1,39
0;159,1;100;103,74;3849,7;2,27;;0;159,3;100;77,41;2872,6;1,46;;0;159,4;100;108,3;4019,1;2,36;;0;159,4;100;73,62;2732,2;1,4
0;160,4;100;97,96;3635,4;2,16;;0;160,5;100;73,89;2742;1,42;;0;160,6;100;108,06;4010,1;2,35;;0;160,7;100;72,54;2691,9;1,39
0;161,5;100;102,01;3785,6;2,22;;0;161,7;100;70,8;2627,3;1,39;;0;161,7;100;102,97;3821,1;2,26;;0;161,8;100;70,67;2622,4;1,36
0;162,7;100;100,68;3736,1;2,21;;0;162,9;100;71,89;2667,9;1,39;;0;163;100;103,74;3849,8;2,27;;0;163,1;100;70,61;2620,4;1,34
0;163,9;100;103,28;3832,7;2,24;;0;164,1;100;72,93;2706,5;1,4;;0;164,2;100;102,18;3791,9;2,23;;0;164,3;100;71,3;2645,9;1,34
0;165,1;100;98,39;3651,3;2,16;;0;166;100;70,48;2615,6;1,35;;0;166;100;100,13;3715,9;2,19;;0;166;100;71,22;2642,9;1,33
0;166;100;97,5;3618,2;2,13;;;;;;;;;;;;;;;;;;;;;
